id,doctor_name,doctor_specialization,doctor_address,doctor_contact,doctor_unique_id,doctor_registration_date
1,Alejoa,Oncology,96980 Reindahl Circle,379-830-8858,9YP6MN3KG91,2016-12-28
2,Josepha,Orthopedics,13 Tennessee Place,602-529-6440,6XA3QQ5KG10,2014-12-07
3,Darcee,Oncology,707 Chinook Lane,408-644-4223,3EP4R28DV17,2010-09-11
4,Barri,Oncology,42 Bartillon Road,859-561-8819,7WK9VQ2NK79,2017-11-07
5,Lorettalorna,Dermatology,128 Fisk Hill,923-420-4909,2VC7TC1CV18,2015-03-17
6,Atlante,Cardiology,4 Sheridan Parkway,770-864-1681,9JE0PX0PC79,2020-05-18
7,Alric,Oncology,19873 Oxford Avenue,152-141-2752,3PN5K78YN77,2014-04-12
8,Briant,Oncology,9081 South Point,318-253-1732,2Y50EY1TF03,2010-09-27
9,Konrad,Neurology,685 Oneill Way,708-501-3443,2NU2NP3XW81,2020-04-23
10,Rogerio,Orthopedics,929 Lakeland Plaza,935-822-0756,6PM5CP4AN50,2016-08-19
11,Randy,Dermatology,043 International Trail,174-888-7260,6K50V01QF27,2018-01-26
12,York,Pediatrics,066 East Road,657-798-5097,9T33K72PY39,2011-03-16
13,Avrit,Pediatrics,09295 Havey Point,735-599-7806,8UU5A94WV38,2020-08-25
14,Berky,Dermatology,1 Stone Corner Trail,187-295-0179,2C43CM2QR09,2012-10-30
15,Lelia,Oncology,67518 Prairieview Place,617-516-6796,4Q73Y55UQ91,2018-08-24
16,Jeanelle,Pediatrics,2135 Vidon Circle,814-332-3831,1FJ5U02GG91,2019-06-07
17,Garret,Oncology,87 Dwight Terrace,568-345-4125,9DH9W87YU82,2021-01-07
18,Hasheem,Oncology,591 Sage Street,912-484-7202,8Y32F61AC45,2016-05-10
19,Carlene,Pediatrics,82 Warrior Drive,457-641-5183,7K48WQ1TY22,2013-08-24
20,Aidan,Cardiology,40444 Manitowish Parkway,834-665-5864,9T72WX5VN12,2015-07-18
21,Prissie,Neurology,03 Village Green Center,698-775-1381,2RR9WU9UA92,2014-08-14
22,Nanice,Orthopedics,3 Merchant Street,896-689-4368,7H59QR4FV20,2021-05-26
23,Gilles,Pediatrics,410 Pierstorff Terrace,584-958-4310,1D04UT8EA81,2015-06-21
24,Filberte,Pediatrics,1 Cambridge Parkway,842-573-1415,3XY2MA5KU90,2010-01-23
25,Edwin,Oncology,047 Roxbury Way,369-112-3150,9X01VF1AQ94,2019-05-27
26,Madelaine,Pediatrics,11 Weeping Birch Crossing,108-965-7838,9F73V11JY90,2018-04-24
27,Patrizio,Oncology,69 Elmside Plaza,102-937-2482,2VJ7YW3XT24,2012-06-12
28,Any,Oncology,35113 Dayton Place,978-193-5569,6CV0XY9HJ09,2012-06-12
29,Krishna,Orthopedics,70116 Acker Parkway,432-681-2100,8D29V97TU92,2017-07-26
30,Hale,Pediatrics,38188 Warner Trail,362-627-2144,5TH4GP3MM75,2019-10-30
31,Larissa,Orthopedics,57572 Utah Alley,532-376-4726,3TT6CM9DD10,2016-02-14
32,Carina,Cardiology,25240 Grover Parkway,694-435-2306,5MD4DG1EJ47,2016-08-07
33,Glen,Neurology,62 South Trail,650-859-0456,1E01UK1QU04,2020-10-27
34,Jazmin,Oncology,367 Riverside Center,413-925-8780,3UX1VV7TT78,2018-08-28
35,Devora,Orthopedics,97 Badeau Lane,224-115-4523,6P43VU4KK02,2011-11-04
36,Hyatt,Neurology,0774 Hintze Point,154-730-2588,7K99EQ7CW91,2018-01-29
37,Rube,Oncology,0 Anthes Place,326-104-2681,7DU2C59MA98,2021-11-08
38,Winn,Neurology,15646 Bobwhite Crossing,668-111-2092,8ER5N07DW22,2015-02-27
39,Ignaz,Dermatology,4037 Elgar Alley,251-840-6060,8J05MH8GG34,2020-09-14
40,Emilee,Orthopedics,166 Golf Course Trail,995-310-7960,2RA8G28JD96,2012-06-13
41,Maxie,Pediatrics,263 Heffernan Place,279-654-2331,9DU2Q74WV75,2016-06-12
42,Octavius,Dermatology,47189 Forest Plaza,243-587-6234,8HV5UE3MM20,2011-02-17
43,Arni,Oncology,638 Utah Alley,219-509-8378,8NQ3UX6XP42,2011-02-19
44,Mitchell,Oncology,2 Del Mar Trail,430-436-7298,6TA6C06TP42,2012-11-03
45,Norman,Neurology,36804 Arrowood Avenue,199-702-0180,4YU1M19FN77,2010-09-30
46,Audie,Neurology,25739 Autumn Leaf Court,787-256-3869,7M12GX9YJ91,2018-03-14
47,Giffard,Orthopedics,13752 Bowman Pass,351-822-0345,3YX6GG2UM31,2018-10-16
48,Noach,Dermatology,225 Talisman Street,906-934-1374,2A52U55KT81,2020-03-26
49,Correna,Pediatrics,28 Oneill Junction,562-896-4233,9K96H34HV87,2020-10-25
50,Pail,Orthopedics,59 Crowley Road,957-198-1041,6W18KF1GX30,2013-04-25
51,Violante,Dermatology,60 Independence Pass,781-124-2382,1DP9QN3GM74,2014-07-28
52,Pepi,Cardiology,8913 Marquette Street,145-584-2347,6KC0AH1TM15,2012-06-24
53,Symon,Dermatology,9870 Holmberg Trail,313-171-5157,2A53X22CX42,2015-09-09
54,Sampson,Oncology,034 Golf Course Junction,274-853-7061,1D90FR3XM18,2021-04-29
55,Shaylah,Orthopedics,71 Scofield Point,497-230-0512,4YR5RP4FF63,2018-03-28
56,Forrest,Neurology,0 Waubesa Crossing,478-672-2750,7HX2TX4YC12,2021-07-26
57,Ardine,Pediatrics,3 Swallow Circle,787-779-4023,9RY3F79NR37,2018-06-09
58,Nari,Orthopedics,976 Parkside Lane,288-610-2719,7U09VP4FP03,2015-06-18
59,Ashli,Neurology,91821 Warbler Circle,667-556-0698,4A65PH5NU36,2015-11-04
60,Kiersten,Orthopedics,5117 Main Point,856-817-1005,9QT7WV9HM27,2019-07-01
61,Madalyn,Orthopedics,26359 Service Drive,471-461-6726,9YQ8C97QJ13,2017-08-23
62,Aldric,Pediatrics,642 Duke Road,965-281-8569,1AF7KK1MC41,2013-04-28
63,Maribel,Orthopedics,4753 Mandrake Avenue,696-728-3248,6UE9KE5QP37,2020-11-30
64,Shandee,Cardiology,60499 Longview Circle,400-830-2509,8GF1PK7WH05,2015-06-26
65,Bordy,Pediatrics,7672 Waubesa Hill,485-581-8241,6VR1WD8QQ90,2020-05-06
66,Davita,Pediatrics,93 Vidon Drive,594-718-0055,2EX3HJ5JJ98,2017-10-12
67,Herbie,Orthopedics,1 Kingsford Center,401-757-9670,4E46TW5MY85,2020-11-03
68,Saul,Orthopedics,8 Northview Trail,854-997-7884,4J92G27VU99,2015-07-08
69,Glynn,Pediatrics,8 Atwood Court,187-385-4275,5JG0WU1AY74,2015-08-30
70,Boony,Cardiology,922 Michigan Trail,907-716-3439,6PV5W77YG16,2016-04-15
71,Pippa,Cardiology,6041 Dayton Court,195-697-4065,9JR3MT0GJ38,2015-02-13
72,Gale,Cardiology,8578 Sycamore Junction,592-785-2750,7DA0PX8AV82,2018-03-06
73,Fanni,Pediatrics,8 Division Hill,691-706-0412,3NW8R74XP50,2019-12-15
74,Elsy,Oncology,364 Crownhardt Parkway,934-489-5106,8AR3EM1WV49,2019-04-26
75,Marieann,Oncology,827 Mifflin Crossing,166-928-5865,9E78YY3FN30,2014-05-25
76,Corrina,Cardiology,965 Paget Lane,272-603-9237,7X87C81MX76,2016-02-24
77,Dalli,Cardiology,8 Arapahoe Trail,429-925-2950,4H76JU0WE92,2018-01-12
78,Madison,Oncology,2 Manley Avenue,704-134-2378,6NV5E10PC52,2020-06-07
79,Dasha,Dermatology,0167 Hooker Terrace,226-163-6651,5YU0UC8WN93,2011-11-20
80,Bertie,Orthopedics,71 Gulseth Avenue,973-253-5240,7PA3N89KM63,2011-04-24
81,Pearce,Oncology,01535 Ludington Junction,705-610-3218,9GG5TJ4FR55,2013-11-12
82,Jolynn,Oncology,70 Bay Plaza,219-632-8569,5CF3AF9FK99,2020-01-11
83,Dee,Oncology,86 Bunting Court,835-716-3238,6F10CD9AY80,2017-06-13
84,Mikael,Pediatrics,89478 Riverside Parkway,502-453-8269,4WV1E47FV56,2017-01-30
85,Henriette,Dermatology,0375 Springview Parkway,168-784-0464,7CE1PR2VK33,2021-06-02
86,Che,Oncology,48626 Amoth Place,378-699-5516,3T23A63YX46,2011-07-18
87,Faunie,Pediatrics,152 Emmet Parkway,825-169-9179,1CG2YQ7JN89,2012-11-01
88,Alejoa,Dermatology,9541 Prairieview Hill,586-761-0717,6K66H58YM60,2015-05-09
89,Evvie,Oncology,78742 Novick Pass,679-118-9891,8VR2F81QG05,2012-07-01
90,Prentiss,Pediatrics,5 Main Junction,954-450-8974,4H39X05TE26,2019-09-13
91,Josh,Orthopedics,53 Anzinger Crossing,207-490-7502,6QQ9AU6PV48,2014-07-25
92,Randolf,Orthopedics,4 Dryden Crossing,691-311-9625,9GV1KR1AM69,2021-09-24
93,Vivian,Cardiology,4105 Dottie Street,913-518-1226,1WA7W21DT73,2011-05-07
94,Leontyne,Orthopedics,435 Merrick Way,989-121-8871,3NR2HG7EP01,2021-08-31
95,Orran,Oncology,460 Kings Alley,375-426-2106,5XX7N29CQ70,2010-10-06
96,Cass,Cardiology,67598 Green Ridge Circle,773-384-6546,2UJ7QN4EE47,2019-09-11
97,Larry,Neurology,042 Aberg Center,518-428-4845,8W05GP8CJ37,2013-09-04
98,Janeen,Dermatology,306 Grim Pass,934-328-7061,4QY1VP9GJ70,2015-03-26
99,Ives,Cardiology,910 Corscot Center,114-502-3435,7GC3G74JE45,2010-12-16
100,Fernande,Neurology,7930 Canary Terrace,637-256-6197,5JK3EJ6RF16,2021-05-08
101,Elaine,Neurology,93809 Warrior Plaza,849-914-2998,9XV0KQ5WA37,2019-04-04
102,Werner,Orthopedics,5071 Northland Lane,404-553-6297,3FQ3CY0RU66,2018-02-22
103,Alexei,Oncology,967 Thierer Alley,591-297-8460,6TU4T60AU01,2011-05-17
104,Tatum,Oncology,587 West Way,581-345-9106,6D90JY9HY88,2012-01-07
105,Marv,Oncology,02 Dawn Plaza,518-164-9354,1EN9HP6HA76,2014-05-02
106,Randal,Oncology,0480 Eagan Plaza,385-226-7416,4J80U18FW77,2014-11-05
107,Terese,Cardiology,32 Dakota Center,221-921-2869,4T74GT2TG37,2016-12-27
108,Angeline,Neurology,31 Corscot Way,160-742-9283,5KQ5QD2AX42,2020-03-29
109,Benny,Pediatrics,61318 Maywood Road,957-930-1917,4RR9Y49HJ71,2021-05-22
110,Torie,Cardiology,03019 Dottie Trail,569-515-1084,1KA9MU2FC93,2021-08-28
111,Broddy,Dermatology,2 Dawn Trail,183-615-3465,1WP5UU3NM18,2016-11-23
112,Yanaton,Pediatrics,19 Nobel Hill,726-701-9712,6RM0Q97PK15,2011-09-27
113,Salvatore,Cardiology,75054 Heath Way,368-822-5810,6CR0E89WR54,2011-12-21
114,Grier,Neurology,4 Rieder Road,834-662-7764,6QQ6GG8GD51,2016-11-24
115,Alvy,Pediatrics,72 Ridge Oak Point,682-211-8842,6KA7G65UE66,2011-08-19
116,Moore,Cardiology,378 Northridge Center,668-704-0334,5UF4QK2FN39,2021-08-27
117,Micah,Neurology,65 Brentwood Pass,798-638-4770,5YK1XD4WX78,2017-05-13
118,Jania,Cardiology,19693 Redwing Center,876-640-7683,6FV3G02WW90,2014-02-03
119,Shell,Neurology,30380 Banding Plaza,421-626-4937,6A31N14VG16,2012-07-26
120,Philis,Orthopedics,3307 Arizona Plaza,209-510-5197,3HA3CU4KF06,2015-04-30
121,Lanie,Pediatrics,455 Southridge Street,966-506-2377,9G22T12KE60,2021-05-02
122,Lauren,Dermatology,04 Mallory Junction,623-831-2208,3WE3DC3YT46,2016-11-15
123,Collin,Pediatrics,56 Bowman Pass,625-194-7528,2GM5ET3KX09,2017-04-16
124,Olive,Neurology,1 Longview Hill,998-689-8288,4D70H89YG41,2013-02-24
125,Dell,Cardiology,6 Grasskamp Plaza,248-716-9579,9V96U71DX97,2010-12-15
126,Darius,Oncology,206 Grim Point,953-513-4728,2U58MP9TA97,2018-07-26
127,Kristofer,Oncology,6904 Corscot Street,759-132-8694,4GN0FT1YJ64,2016-04-03
128,Giraldo,Pediatrics,5225 Fieldstone Center,706-330-2164,8D83HY6FW32,2018-04-21
129,Montague,Pediatrics,964 Lyons Court,798-994-9150,2TD5RN4XT42,2017-01-05
130,Anica,Oncology,2 Briar Crest Hill,190-192-6151,4V58Q75GM41,2019-11-17
131,Lucie,Oncology,47 Rigney Point,377-290-6701,8UN0FM5EM34,2018-12-01
132,Margaret,Dermatology,4481 Oak Valley Plaza,138-190-0242,9M60EP0NK70,2019-10-09
133,Kendre,Neurology,2684 Rieder Crossing,267-418-4819,4X14AJ0YF15,2018-07-05
134,Garner,Oncology,389 Hagan Way,118-788-6605,8DV2D65GA22,2019-09-20
135,Viva,Orthopedics,19 Farwell Drive,503-715-6906,1XN8XT2EV07,2018-11-13
136,Julie,Oncology,15 Homewood Court,959-772-6615,8PR6V43JP84,2019-05-18
137,Ninnette,Pediatrics,61701 Scoville Parkway,311-965-1151,9DW6NU9VH45,2015-01-04
138,Dare,Orthopedics,667 Bultman Way,733-995-1362,8ER9AK0AT62,2021-06-04
139,Eleanore,Neurology,70 Summit Circle,747-762-7063,6NX6F36NE79,2011-01-15
140,Rick,Pediatrics,094 Muir Lane,331-428-3554,4KT8R81HP68,2012-02-05
141,Debora,Cardiology,69 Hollow Ridge Terrace,248-541-1250,8GP7HF2TQ80,2021-03-04
142,Murielle,Oncology,25565 Sachtjen Center,856-793-5889,7U89E92EU19,2019-02-15
143,Freeland,Cardiology,1 5th Trail,238-714-9044,9R82GY3HN27,2011-11-29
144,Hobard,Oncology,77980 Express Circle,626-118-8624,5X02VE5RM13,2015-09-14
145,Felicio,Neurology,0487 Memorial Crossing,978-569-4225,8G28FU9YM82,2020-08-19
146,Bealle,Orthopedics,3357 Toban Junction,564-780-7820,3G49W25YM73,2017-06-15
147,Vonni,Neurology,53038 La Follette Street,553-220-0160,2A51E12HG93,2012-04-15
148,Kelbee,Orthopedics,137 Kennedy Drive,913-888-0340,9E61H96WT22,2017-11-08
149,Shea,Orthopedics,8030 Birchwood Alley,197-532-3310,5FG7XJ0DY17,2012-05-31
150,Arlie,Pediatrics,0639 Hooker Point,319-209-7847,7R44D51VJ76,2017-03-27
151,Pandora,Neurology,771 Bluejay Way,687-657-0081,8PU0FX0MU66,2021-04-26
152,Leonard,Oncology,1938 Granby Court,202-310-4391,6FF1CU1WP75,2015-12-30
153,Sydney,Pediatrics,02311 Moose Parkway,194-656-8296,6KF8PE4UT32,2019-03-30
154,Dorie,Cardiology,0990 Schlimgen Court,221-288-8191,5QQ2WU6HF13,2011-06-16
155,Karee,Orthopedics,78021 7th Road,477-687-4987,5U58EQ2CF46,2020-12-25
156,Raimundo,Neurology,77 Forest Dale Lane,182-665-3227,2TA3NP5RC25,2018-10-05
157,Preston,Dermatology,5 Erie Pass,781-662-5215,5W11NP6FF92,2010-08-12
158,Rubie,Neurology,41259 Mallard Terrace,709-888-8812,1H46FM3QD20,2019-09-29
159,Benedicta,Cardiology,61 Raven Place,552-280-0479,1K06DN1VJ39,2018-09-14
160,Vicki,Pediatrics,444 Meadow Valley Park,275-300-7771,1DX5VD0XM04,2016-05-20
161,Melvyn,Neurology,811 American Ash Pass,296-624-9690,6TQ4QK8PY01,2013-09-23
162,Sena,Dermatology,39 Homewood Drive,305-121-0951,7Y86P97JJ77,2014-02-28
163,Selby,Cardiology,95808 8th Center,403-779-1103,7X79TE0PN47,2011-07-28
164,Everard,Oncology,0 Shoshone Circle,490-649-2174,5JT9G73YW44,2012-12-16
165,Iris,Oncology,0391 Superior Street,331-673-4232,8WP1VK8VG80,2012-06-16
166,Ingra,Orthopedics,5819 Havey Court,627-289-6807,1R02D36HR90,2014-06-30
167,Andy,Cardiology,9188 West Court,801-665-2957,8GU6A77WA19,2014-05-29
168,Ericha,Cardiology,49531 Arizona Hill,912-674-3031,8V92W42FV48,2017-09-19
169,Siusan,Pediatrics,50351 Village Green Drive,569-886-3771,3WJ7JM1PW80,2017-11-20
170,Ed,Dermatology,676 Trailsway Lane,912-138-6479,3A46RK3FC40,2010-11-11
171,Kati,Pediatrics,95121 Lukken Place,450-114-7861,3KX8C57JP46,2021-09-14
172,Alphonse,Cardiology,25276 Hauk Hill,433-177-5865,7N27WC0FT16,2021-10-27
173,Putnem,Orthopedics,56 Colorado Center,839-738-9506,7FX2AA7XX55,2013-01-30
174,Mildred,Dermatology,2 Columbus Court,379-360-0788,5A88MU9QC63,2021-08-31
175,Fred,Cardiology,032 Grasskamp Center,513-872-6667,8RQ8RV3QX52,2014-07-08
176,Paxton,Cardiology,84 Dexter Court,143-408-4219,6XV6P00EC11,2017-07-29
177,Goober,Cardiology,1620 Grim Hill,211-383-3254,8VU4KV0GH10,2011-05-10
178,Deana,Neurology,7375 Mcguire Plaza,885-851-3979,9P44DP2DH84,2021-02-20
179,Corinne,Orthopedics,398 3rd Center,661-840-8260,5FW0VM8KD58,2013-07-20
180,Euphemia,Neurology,329 Maryland Circle,391-713-8697,6X44ER3NH30,2021-10-02
181,Shawnee,Pediatrics,3475 Springview Avenue,481-902-2192,4K41PE8JP79,2012-10-04
182,Susana,Neurology,5885 Quincy Trail,357-132-6650,2G24UH4TG24,2012-12-21
183,Jermayne,Pediatrics,9728 Bartelt Place,513-748-7051,6TJ5DM7CG65,2011-03-31
184,Stefan,Neurology,101 Lake View Way,263-656-3994,4R25GR5HR67,2016-05-15
185,Jodee,Orthopedics,64095 Fordem Court,960-734-6633,5GC0F38GP75,2017-01-07
186,Patricia,Orthopedics,55 Sherman Point,309-255-2665,5FQ4F65JC17,2011-02-18
187,Carry,Cardiology,2267 Saint Paul Street,365-219-6379,3XN2N16PJ96,2016-06-20
188,Frederique,Oncology,71 Carpenter Point,780-485-3272,5HW7YG5JX31,2021-12-13
189,Mozes,Orthopedics,97 Harper Center,233-522-1392,8MH4T39VM40,2021-10-21
190,Riordan,Dermatology,66 Linden Center,271-138-4925,1MX4V73DK99,2014-05-01
191,Berny,Dermatology,3576 Mayfield Street,919-117-1107,6AH0AW7AW12,2019-09-08
192,Loy,Orthopedics,907 Swallow Place,371-714-7821,8Q53VY5EV81,2020-03-14
193,Erica,Neurology,9 Wayridge Drive,738-544-9416,8HP9C41FH96,2020-06-11
194,Katerine,Orthopedics,30329 Derek Alley,700-457-9209,4FF6JV8WN14,2019-04-18
195,Gerty,Neurology,25 Green Pass,667-401-5761,9XM7HK4RM76,2019-10-16
196,Cindee,Neurology,7935 Mayer Alley,980-349-5027,2AJ4E03XG48,2016-01-02
197,Erda,Neurology,7754 Warrior Avenue,664-673-1268,2JT3GA9NA42,2013-06-15
198,Abbe,Dermatology,95 Troy Road,776-516-4582,8KD2XU6VR28,2012-03-23
199,Eugenius,Pediatrics,5 Haas Parkway,704-841-1907,5H78NC0FW33,2010-04-07
200,Eustace,Cardiology,05 Onsgard Junction,937-123-0661,3MN0J24QX60,2012-08-17
201,Malinde,Orthopedics,1676 Bunker Hill Trail,300-833-9137,6MK3NH9GT86,2019-03-11
202,Maximilian,Oncology,8 Heath Circle,338-300-3107,1UN7RJ5EA60,2011-01-01
203,Nollie,Dermatology,595 Gulseth Crossing,905-100-7904,4Q55XH2GU92,2017-06-27
204,Kevina,Pediatrics,88030 Lotheville Trail,791-470-1456,6JM5A50HV38,2019-05-20
205,Morten,Dermatology,94004 Scofield Trail,972-104-2633,6MU1MF3UV18,2017-11-28
206,Nana,Pediatrics,9038 Elgar Place,673-657-5704,8QK5AM2QA59,2020-09-14
207,Carey,Pediatrics,0 Pankratz Avenue,617-295-5164,3DN5VN4FJ77,2020-11-16
208,Jameson,Dermatology,5597 Lawn Plaza,580-661-7277,9N72R48GV08,2021-09-04
209,Fannie,Dermatology,09703 Bayside Lane,571-283-4693,2YT4PT8QQ80,2014-11-02
210,Belicia,Dermatology,8571 Almo Crossing,324-333-8541,3G39KX7KU97,2011-03-01
211,Garreth,Pediatrics,2232 Petterle Junction,844-165-5764,7U11ND4NH24,2014-12-26
212,Teodoor,Neurology,6371 Westport Plaza,853-541-9004,7WC5WU8ND87,2019-05-04
213,Antoine,Cardiology,47604 Vermont Avenue,640-559-3321,1YM5V65YE80,2013-01-21
214,Shae,Cardiology,90 Caliangt Drive,809-355-3146,1X18M24YM37,2015-05-10
215,Valeria,Neurology,7200 Thierer Court,383-296-1771,1AD9UC2PW16,2010-01-20
216,Talbert,Pediatrics,2 Banding Junction,980-269-3592,8E59NM7XR99,2013-03-03
217,Veriee,Cardiology,322 Butternut Court,814-299-8286,2NP6E88DV18,2018-08-20
218,Dudley,Pediatrics,19110 Milwaukee Pass,782-821-2369,7TU5V80UQ84,2012-01-19
219,Flynn,Orthopedics,5455 Forest Run Drive,480-992-2969,1TF0UJ3QG03,2014-04-11
220,Kerianne,Neurology,4073 Summer Ridge Parkway,142-375-9473,8K91KY3FY04,2017-12-23
221,Conney,Pediatrics,4854 Rockefeller Court,255-884-1821,4UK1C42GC52,2020-01-19
222,Kesley,Pediatrics,068 Eastlawn Point,628-160-7530,7V20KX1UE49,2015-05-04
223,Finley,Dermatology,5 Waxwing Drive,726-815-6634,6JD3FD1UN83,2016-07-02
224,Wally,Dermatology,676 Thompson Lane,898-397-5803,6CQ4CH6YK67,2019-03-01
225,Kristian,Oncology,3 Meadow Valley Junction,669-604-6801,9RP3T61QU65,2020-06-14
226,Packston,Oncology,90 Randy Junction,449-899-0395,3V39AQ3PA73,2015-03-03
227,Stacey,Cardiology,3 Mandrake Plaza,464-689-6691,8MH2M49HA01,2019-07-06
228,Lacey,Pediatrics,865 Maple Wood Avenue,891-390-9307,2W05MK4HQ47,2018-05-20
229,Leonanie,Neurology,22076 Fair Oaks Way,672-343-6546,1JJ1TF4GC86,2019-03-11
230,Harriet,Oncology,162 Coolidge Terrace,777-685-6099,9VG5CC2HJ55,2019-12-17
231,Danyelle,Oncology,73987 Canary Terrace,421-550-2570,3UQ6WT7FH73,2021-04-11
232,Timofei,Orthopedics,71764 Dapin Crossing,331-707-3277,7D33C11GE32,2016-09-28
233,Melisse,Dermatology,6 Roxbury Trail,769-582-7311,8WW6QD6EA72,2012-02-08
234,Robenia,Oncology,002 West Terrace,154-365-1101,9AQ6K51KR79,2012-11-30
235,Lindsey,Oncology,4305 Sherman Avenue,141-153-7524,8PG3XM9YW66,2011-11-21
236,Marven,Pediatrics,2957 Jay Avenue,710-332-1212,8N70R38GR86,2011-04-23
237,Galen,Cardiology,937 Warbler Avenue,344-373-2433,3TK4AR0KF45,2012-07-13
238,Bibi,Dermatology,5642 Hazelcrest Hill,229-283-7214,2V06R21TC13,2014-08-20
239,Wilmer,Orthopedics,3 Twin Pines Way,990-708-5571,7NC4W76FP54,2021-10-11
240,Debbie,Orthopedics,395 Texas Lane,884-819-7838,7PT6KR9GM78,2016-09-11
241,Jacquetta,Pediatrics,53 Dayton Point,766-572-3708,2EP0U73MT51,2013-10-19
242,Cammy,Orthopedics,9 Arrowood Parkway,239-683-9162,1WP4AC8YE81,2012-08-23
243,Linc,Pediatrics,45453 High Crossing Point,886-670-3656,7RW2N28DW33,2012-02-08
244,Alis,Oncology,551 Jenna Parkway,810-111-1529,4ME1HD4DQ54,2012-05-28
245,Gae,Cardiology,9 David Pass,279-126-2589,4GA6E07HY44,2014-09-17
246,Mycah,Oncology,02 Forest Park,233-208-0903,9PA8J67AA58,2015-02-04
247,Bernette,Pediatrics,35110 Elmside Lane,681-467-3780,6MM2GQ3DK66,2013-01-02
248,Waverly,Pediatrics,9 Bartillon Point,427-939-3044,1VF8JK5WH03,2019-05-18
249,Brit,Orthopedics,34311 Kipling Drive,875-424-0954,6P55HW7DH41,2014-08-05
250,Stacey,Oncology,78074 Everett Lane,116-406-3422,1GA5CT6KA27,2018-10-30
251,Cos,Neurology,7 Mcbride Lane,461-637-8275,3XV3MJ9UA14,2015-04-12
252,Jilly,Dermatology,980 South Terrace,999-696-3746,8KH1VY1QG84,2018-10-23
253,Patricio,Cardiology,70 Nancy Point,962-151-7171,2CJ2N08JF22,2012-01-19
254,Townsend,Cardiology,60054 Grover Court,421-641-7225,3HQ3V77ND07,2016-05-12
255,Debor,Cardiology,82 Kensington Drive,834-995-8790,4QH0E76RT44,2011-09-22
256,Deirdre,Neurology,65 Mayer Crossing,474-124-8904,5KD9FT4RY45,2020-01-17
257,Elie,Cardiology,9680 Merrick Parkway,993-279-3562,6H66XD5CA79,2012-03-11
258,Kermit,Orthopedics,24759 Heath Court,859-744-8515,8MR2NE8JA09,2013-06-09
259,Salome,Pediatrics,4 Heffernan Court,341-101-9189,6NW6QQ5CV73,2016-02-09
260,Waring,Orthopedics,7229 Dorton Point,596-208-9809,3TC9AN5VG90,2010-06-28
261,Anselma,Cardiology,8930 Morningstar Hill,686-652-6473,3RX4W49JU53,2018-10-25
262,Aida,Cardiology,4595 Oak Valley Court,164-450-7965,9TN4NU2YM35,2018-02-22
263,Christine,Orthopedics,34 Vahlen Way,309-358-4911,3FF2AV8XW38,2017-09-13
264,Cordy,Orthopedics,9146 Carpenter Avenue,834-815-8058,8VT1TM0EE93,2018-09-03
265,Armand,Oncology,4813 Cardinal Parkway,734-135-6037,7Q92D38QV24,2018-07-29
266,Orsola,Oncology,1335 Weeping Birch Street,641-859-5651,4C80CY3YJ13,2011-04-11
267,Mercy,Pediatrics,7728 Graedel Plaza,899-122-2899,8GK1QV5NW18,2010-07-10
268,Collie,Pediatrics,8922 Carey Crossing,648-792-1603,6UQ4AT9UW37,2011-05-07
269,Holli,Oncology,09185 Graedel Circle,722-732-9236,7E72FG3HG89,2020-06-04
270,Mabelle,Oncology,0300 Susan Street,343-489-7574,5MG4H19YT02,2011-11-18
271,Chandra,Neurology,48565 Dapin Plaza,217-865-4654,6FP0UV6AX45,2021-08-25
272,Price,Dermatology,04 Blackbird Park,631-558-1080,4A98PN8TN74,2013-02-23
273,Dannie,Orthopedics,1 Petterle Court,147-169-5527,4Q33VP7JA35,2018-02-05
274,Base,Dermatology,315 Golf Park,401-161-5656,8AK8XG2QE93,2017-12-30
275,Odo,Orthopedics,460 Boyd Lane,146-790-9449,2XY6CK3VN29,2014-12-24
276,Ernie,Oncology,3989 Mesta Center,794-844-7621,5KX4CG8XJ25,2017-10-30
277,Adina,Neurology,423 Amoth Park,319-703-6761,6F71MC1VY94,2011-02-25
278,Gregory,Cardiology,0 Dovetail Point,777-373-2182,9AE8DW2MT37,2019-10-05
279,Jammal,Oncology,8 Blackbird Court,314-265-6464,9PP1E66AF75,2012-04-07
280,Dorine,Dermatology,891 Annamark Plaza,642-907-3050,9YC0X25TP86,2010-11-25
281,Scot,Dermatology,3656 Judy Alley,339-144-4453,7MU3UY6FQ57,2011-11-22
282,Ashlan,Orthopedics,84112 Fair Oaks Hill,471-847-5329,1TW4MY5PF45,2021-05-14
283,Howey,Pediatrics,06662 Golden Leaf Circle,233-907-4431,6C61MY1DT10,2013-04-29
284,Marco,Neurology,62907 Parkside Junction,793-587-0027,8P19CP0TG56,2011-05-13
285,Randal,Oncology,9 Mitchell Crossing,403-928-3606,7WP8E76FK33,2013-08-07
286,Margarethe,Cardiology,668 Namekagon Parkway,243-821-2272,3NQ1U88EA27,2018-11-23
287,Earvin,Oncology,26719 Londonderry Way,425-193-8980,3UT1HK6RU60,2021-08-26
288,Meghan,Dermatology,7 Paget Avenue,915-184-3201,8AK5TA7UJ90,2010-10-31
289,Marge,Oncology,5 Springview Circle,486-109-1144,5M24V94CJ94,2014-06-30
290,Kass,Oncology,0 Barby Hill,215-805-2945,7Y62EW1AQ47,2014-01-02
291,Cloris,Oncology,84 Ridgeway Court,320-880-5374,4DP8Q12XQ92,2015-11-12
292,Adelle,Oncology,550 West Terrace,734-989-8230,9M18E27YT64,2011-09-16
293,Gamaliel,Dermatology,8739 Grim Parkway,866-923-1056,1T68RR1FY05,2019-05-10
294,Basilio,Dermatology,2 Russell Pass,812-390-9519,2XF9FD0EU32,2020-04-21
295,Patrice,Cardiology,92 Spaight Hill,452-434-0066,6GK4T46MM21,2018-09-06
296,Benedicto,Orthopedics,9 Fieldstone Park,942-788-0260,5UF8H99AC71,2020-04-11
297,Karalynn,Pediatrics,06341 Westridge Junction,898-138-5689,7XF9CE8PE27,2019-03-22
298,Marget,Oncology,57194 Del Mar Road,729-728-1188,9KM3UQ5DP60,2014-02-02
299,Sophi,Orthopedics,7 Merchant Terrace,973-336-9972,6M85J88KD75,2012-12-31
300,Vitia,Pediatrics,4569 Cody Trail,259-621-9853,8HE3XE4KY03,2016-08-26
301,Gennifer,Dermatology,324 Briar Crest Avenue,476-762-7780,6N14MF0EN82,2012-04-03
302,Mendy,Orthopedics,9374 Valley Edge Terrace,581-914-3099,3YF0AM0GQ85,2018-06-16
303,Tammie,Orthopedics,71 Welch Place,145-623-3591,6KF7NQ7RA58,2020-11-20
304,Gregg,Cardiology,4793 Prentice Lane,385-661-2945,6UR5RP5XY52,2017-11-28
305,Kipp,Orthopedics,222 Hovde Circle,143-926-8538,8PE8VF8CK63,2021-11-16
306,Ferris,Pediatrics,79 Waubesa Place,446-773-5461,4CK3JD4KC76,2015-06-05
307,Jody,Cardiology,8 Clyde Gallagher Parkway,569-113-3788,1N12E97MW25,2010-08-09
308,Celisse,Orthopedics,6 Heath Circle,646-772-6108,9DK7CF8XJ32,2017-09-08
309,Cathryn,Dermatology,09 Sutherland Pass,378-465-0137,1D77RU5YV73,2021-06-20
310,Uriah,Cardiology,3423 Pennsylvania Court,697-669-2772,2QQ8QV8UH24,2021-02-09
311,Mickie,Orthopedics,21492 Arapahoe Hill,296-890-4385,5AD6Y44XE30,2011-02-13
312,Hugibert,Neurology,994 Duke Trail,435-890-1355,8MW7NQ5YD61,2016-04-27
313,Wilbert,Pediatrics,715 Heath Place,448-404-2784,2DY8VU2HJ15,2019-12-01
314,Amory,Pediatrics,0003 Troy Center,231-860-7033,2HE6GM0TQ36,2017-07-21
315,Lyndsay,Cardiology,1 Northridge Center,387-382-4085,4K66AT3KG38,2021-12-28
316,Viviyan,Pediatrics,18275 Center Crossing,840-449-9257,8QE0R42TK89,2015-05-18
317,Griffie,Dermatology,551 Sachs Terrace,571-119-9532,9C85C34WP81,2019-04-03
318,Eli,Neurology,810 North Pass,272-203-3777,4E56FR7KT56,2015-11-14
319,Whit,Cardiology,84011 Bashford Park,488-891-9727,9PM5JW0TP17,2019-01-19
320,Moria,Neurology,9 Pleasure Point,612-329-3574,7MC2NM9TT30,2010-06-08
321,Wilton,Orthopedics,837 Meadow Valley Center,417-595-1666,9G69HT8MP10,2017-08-30
322,Darnall,Neurology,05742 Trailsway Terrace,964-787-7149,3WR1QN3HR89,2010-04-19
323,Marinna,Pediatrics,62 Commercial Alley,376-627-6046,7KE5GT8AC60,2016-04-25
324,Inge,Pediatrics,95286 Glendale Avenue,195-729-4308,2K91QJ6AK52,2014-09-22
325,Jolyn,Oncology,30 Northwestern Plaza,252-549-1075,9PK7EC5VM79,2017-10-28
326,Tine,Neurology,6 Larry Parkway,135-733-4987,4QA0K73EM58,2010-02-17
327,Lea,Oncology,76251 Scoville Junction,773-722-6811,6KQ2RY2QK97,2011-08-25
328,Lotti,Orthopedics,8925 Browning Alley,838-949-1983,8AE2NJ3XE43,2015-11-28
329,Siana,Oncology,79317 Sycamore Avenue,369-326-4292,4MF5TR4XM37,2017-08-31
330,Jonathon,Neurology,09 3rd Road,964-700-8451,4DA9P87DP45,2011-07-18
331,Roanna,Neurology,0026 Hovde Place,572-586-4310,6U69EN3RQ48,2015-07-27
332,Ninnetta,Neurology,975 Magdeline Avenue,877-172-2931,2RJ7KM7AQ48,2016-10-19
333,Saw,Orthopedics,7 Heath Center,194-201-5211,1XK5UC2UD89,2014-07-01
334,Vilma,Pediatrics,3 4th Parkway,561-554-2808,7QM5DH9JE57,2016-10-11
335,Ollie,Pediatrics,821 Westridge Place,636-255-5346,6E93MR7EG21,2018-04-29
336,Cory,Pediatrics,66 Northview Court,181-790-2392,3W10NV9RN46,2016-04-20
337,Gabriello,Neurology,27705 Warner Avenue,315-549-8547,2CE5YE9FT01,2021-08-04
338,Elianore,Orthopedics,82 Del Mar Hill,313-271-7930,2MQ6UT0RT92,2011-01-18
339,Marilee,Orthopedics,18557 Di Loreto Plaza,795-170-0455,4H19MA7NW84,2019-11-13
340,Doe,Orthopedics,92453 New Castle Court,516-415-9114,3HC7N69GG30,2015-02-19
341,Pris,Neurology,7 Grim Street,127-474-7685,1TQ1PH7YW21,2012-06-25
342,Kristen,Cardiology,444 Corry Parkway,481-755-9054,5TH1VQ9NV91,2012-02-03
343,Vi,Pediatrics,7 Logan Court,439-181-9917,1HE3XR4VT11,2020-02-17
344,Chloe,Orthopedics,946 Havey Road,355-681-7447,2A70RJ8AK78,2015-11-26
345,Brodie,Orthopedics,84 Clemons Park,766-539-2160,9AH1YQ2GH11,2010-08-20
346,Ros,Pediatrics,184 Waywood Road,918-998-6319,6GV6RG6KA57,2019-05-01
347,Nolan,Cardiology,7687 Center Park,708-466-4221,6G54PQ1WR40,2018-02-11
348,Mata,Dermatology,8412 Mccormick Trail,958-584-3216,4TT1VK1DK00,2017-11-21
349,Nonna,Dermatology,40492 Texas Hill,991-960-5155,6UT8E70XN77,2015-08-13
350,Antons,Pediatrics,8571 Namekagon Plaza,832-656-2600,2QG4XU2XQ63,2017-11-13
351,Sunshine,Cardiology,47 Badeau Center,549-730-3674,5U69XQ5MM87,2020-09-12
352,Seline,Dermatology,722 Linden Junction,337-744-2796,9TN1XQ7YA98,2019-05-02
353,Mildred,Oncology,05 Buell Center,843-207-1171,4WF5X79KJ52,2015-02-28
354,Renate,Neurology,81 Buell Circle,467-653-0933,3H94T55GH77,2017-05-18
355,Kalil,Dermatology,9472 Daystar Drive,645-541-8821,3W26V90CG96,2020-11-02
356,Almeta,Cardiology,7567 Sage Junction,731-143-7552,1Q19XM3NQ77,2016-09-20
357,Rodrique,Neurology,554 Maywood Pass,741-458-6216,4VY9VQ5RF38,2020-09-03
358,Karlan,Neurology,384 Stoughton Pass,852-270-3840,7Q18R04VT25,2014-04-24
359,Doe,Pediatrics,46 Moose Drive,336-450-4010,3UP3NM9KC38,2015-12-06
360,Donielle,Oncology,905 Bunker Hill Lane,760-791-6808,1GM0FN3UU26,2017-10-24
361,Flossy,Cardiology,57 Kim Avenue,713-699-4388,3JY9T21MH14,2018-06-26
362,Paule,Neurology,79975 Hoard Drive,488-730-4114,3KY6U28RP88,2021-06-18
363,Kennie,Pediatrics,218 Pierstorff Pass,855-815-8145,6R78KD3FQ92,2012-09-19
364,Helenelizabeth,Dermatology,79311 Barby Trail,260-590-4686,3GA5DU4FY42,2017-07-28
365,Roana,Cardiology,48944 Brentwood Alley,596-739-5977,9YA6TJ5XA28,2020-04-02
366,Renato,Oncology,401 Briar Crest Alley,335-925-0317,5WF9C25QV58,2021-11-04
367,Brook,Orthopedics,37451 Bunting Alley,101-439-2823,7TF3DA7GN60,2021-11-15
368,Alano,Orthopedics,98208 Sunbrook Junction,948-276-5708,5KN4MJ2KH73,2010-02-28
369,Clarey,Dermatology,80924 Longview Alley,983-276-4049,5A94C66FY72,2019-01-07
370,Adelind,Dermatology,69911 Mayfield Drive,472-378-2678,7RV1WG7WD97,2018-12-06
371,Vasily,Dermatology,6 Kenwood Point,590-188-2565,2E82C10YQ21,2014-08-27
372,Cordie,Oncology,85243 Sunfield Crossing,843-249-7172,3EH2KK7KX21,2015-09-06
373,Kirbie,Cardiology,23577 Sunbrook Circle,271-420-9342,6E01C60CH16,2021-09-11
374,Cullan,Oncology,592 Comanche Hill,652-479-9647,3PK7K39AX27,2020-12-18
375,Puff,Dermatology,7 Pleasure Lane,443-337-0138,4Q70K59XQ84,2016-07-19
376,Cedric,Cardiology,233 Reinke Terrace,748-771-8755,1NX6N78GV67,2014-09-13
377,Fredia,Orthopedics,9 Grayhawk Place,608-198-4725,7D06KY5MD70,2020-10-30
378,Evonne,Neurology,3502 Jenifer Alley,456-119-0690,2QD3AH9VN08,2013-08-17
379,Margery,Neurology,616 Mcbride Parkway,491-661-3094,6DF7N05RK59,2012-05-05
380,Murray,Pediatrics,448 Red Cloud Center,220-670-9539,9N12H11GA89,2012-08-03
381,Torre,Dermatology,2 Lakewood Trail,341-117-7203,2NV3QF7EE22,2019-12-01
382,Nancey,Oncology,19830 Lake View Court,390-518-3529,2U74XQ0AM04,2019-11-16
383,Edna,Pediatrics,0 Sloan Center,950-521-9337,1HK0TY4CE56,2018-01-07
384,Sherm,Orthopedics,2865 2nd Parkway,921-546-0766,5YU2DA5HP16,2018-01-05
385,Mose,Pediatrics,72 Saint Paul Crossing,992-918-5789,1FM7FA4AW49,2012-03-19
386,Orlan,Oncology,7346 Macpherson Place,519-662-6092,2CC4P46AR34,2014-01-06
387,Jarrid,Oncology,7 Carpenter Court,574-197-3284,7G16JC5JH45,2012-09-23
388,Jacky,Orthopedics,243 Brentwood Junction,281-798-1496,9K45J27DQ68,2013-10-24
389,Penny,Oncology,31 Michigan Court,114-969-4023,9N42TD7UD14,2021-02-01
390,Evey,Orthopedics,9738 Corry Plaza,526-172-4278,5U94AP6MX63,2010-11-24
391,Marjie,Cardiology,4 Larry Lane,252-197-1349,9VF6JP7TR68,2018-06-07
392,Morty,Neurology,57720 Sauthoff Center,121-714-1991,1A55R50WE12,2016-08-19
393,Dalli,Oncology,4 Harbort Parkway,892-846-1806,3C23MK8MP93,2020-06-17
394,Robinet,Oncology,66239 Golf Circle,860-838-7645,6Y41EY6TH80,2010-05-26
395,Rowland,Oncology,0145 Loomis Plaza,354-737-0091,8YW5DA2AG65,2019-04-10
396,Darci,Oncology,0 Continental Park,473-727-0221,8QK9WH0VK38,2011-10-21
397,Mick,Cardiology,870 Truax Circle,504-856-2666,5WV7C42MM28,2020-03-05
398,Tan,Orthopedics,03 Redwing Center,388-421-7087,4XH4K94JY67,2014-12-22
399,Piotr,Oncology,73479 Buena Vista Crossing,851-523-7336,9D54AW2JM24,2020-01-06
400,Tabbi,Oncology,3018 Northport Street,966-684-2948,7FH9UH3RN68,2011-06-22
401,Tucker,Dermatology,8 Eastwood Park,470-325-0629,2VV8MP9VX77,2020-03-07
402,Dale,Neurology,2350 Scofield Drive,759-587-6596,7Y23WE6WK60,2020-06-15
403,Laetitia,Dermatology,7284 Schlimgen Street,870-547-9799,4TM7DE8JE01,2020-06-05
404,Buck,Oncology,9 Fordem Street,372-754-4760,9GX2K55EF87,2013-04-08
405,Arvie,Cardiology,92 Marquette Terrace,631-286-1361,4C72YG8FE91,2019-12-14
406,Kimberly,Oncology,6038 Hanson Park,582-561-9760,9RH1T02AW01,2013-01-29
407,Burnaby,Cardiology,58406 Sunfield Trail,359-501-6659,8U69M85EN50,2012-01-14
408,Bartie,Dermatology,97776 Talmadge Drive,983-668-5883,8JH0VP9AG75,2021-09-18
409,Noelyn,Orthopedics,29 Merchant Court,255-797-5274,3GQ4A79YW55,2018-11-07
410,Hoyt,Dermatology,60 Kings Alley,194-444-3488,8DA2Y12HC45,2019-09-28
411,Sibylle,Orthopedics,98287 Hauk Terrace,706-116-5142,1KF8T22TV38,2014-05-20
412,Aluino,Orthopedics,3494 Meadow Vale Crossing,397-422-9070,5G19CE1WE33,2011-08-03
413,Sherlocke,Orthopedics,16 West Center,583-646-9328,6G16Q17EM30,2012-02-24
414,Arline,Pediatrics,04523 Melody Park,810-949-6185,8CM5N08EA56,2019-06-05
415,Ilse,Dermatology,382 Bay Parkway,787-733-5407,8DG7E83VE44,2015-06-08
416,Alina,Orthopedics,173 Dwight Point,298-933-7152,9HA1DA9XK11,2011-08-05
417,Corry,Oncology,75015 Atwood Street,128-785-4089,7C09CF7KX02,2015-06-25
418,Augy,Dermatology,6 Pierstorff Pass,581-820-0621,9YU4D11UA02,2012-10-04
419,Hedwiga,Orthopedics,3231 Alpine Street,929-911-3570,4EX3UY8JF55,2013-09-11
420,Cos,Dermatology,06786 Bartillon Junction,948-282-9612,7DD6XF9WA90,2015-02-15
421,Lory,Orthopedics,050 Sunnyside Lane,628-246-6737,8F10X82WH38,2017-03-30
422,Halie,Dermatology,78 Lukken Place,128-965-0638,6K89Y23NG93,2019-11-12
423,Katusha,Neurology,34676 Forster Hill,210-530-8124,7H60MD4RG42,2015-09-17
424,Arlena,Dermatology,11832 Waubesa Trail,623-260-2060,5AA8W21GJ89,2014-06-05
425,Friederike,Oncology,8851 Meadow Vale Way,923-379-4646,6Q83TT4PJ86,2019-03-03
426,Archie,Cardiology,73 Hanson Court,503-746-9452,9MC1DF5AF07,2011-07-25
427,Willow,Cardiology,6 Portage Place,143-962-9060,1R76XU1UY35,2011-08-11
428,Rahal,Oncology,2 Maple Wood Plaza,492-827-6413,8AN6TT9KA17,2018-10-03
429,Lola,Neurology,3182 Brentwood Hill,344-226-2028,9MM2JH3NX89,2019-11-16
430,Jerrilyn,Dermatology,3 Messerschmidt Street,974-898-0194,5M51VM5DD02,2017-08-22
431,Micheal,Neurology,82839 Oneill Center,621-611-5242,9NP7DQ8WG32,2018-03-03
432,Mommy,Orthopedics,02 Pawling Road,709-621-4053,1WY1E58FM13,2011-06-11
433,Kristen,Cardiology,053 Golf Hill,214-543-6677,5VR3VU2AR50,2013-03-07
434,Broddie,Pediatrics,79415 Havey Terrace,749-727-2371,4P53M47VW73,2020-06-03
435,Anne,Oncology,930 3rd Plaza,439-257-2304,9Y59G94NR45,2011-10-08
436,Jenica,Pediatrics,4417 Bay Plaza,678-537-8645,7N12RW7HY92,2011-10-23
437,Cinderella,Pediatrics,55 Hazelcrest Pass,870-885-8317,1FM0WR2JN20,2019-06-15
438,Annabel,Dermatology,3165 Golf Course Lane,850-524-9791,8PF0V19QN29,2017-04-21
439,Ramsey,Cardiology,2901 Bultman Hill,757-287-0692,1EV7KA8KM69,2016-04-14
440,Marlin,Neurology,62109 Oak Trail,894-535-2351,8PN7MF4NJ65,2011-03-10
441,Felice,Orthopedics,01 Pierstorff Junction,809-603-7529,5EY5PM7AH83,2011-11-27
442,Emelina,Dermatology,580 3rd Parkway,120-786-4839,5KA6QU3NQ79,2014-08-25
443,Mildred,Dermatology,00385 Donald Street,254-652-4909,7PR7T21EN27,2020-01-28
444,Byram,Neurology,42 Morningstar Pass,289-367-6553,1CF9WK6UW21,2010-12-27
445,Dorella,Oncology,52325 Summer Ridge Point,417-869-8659,4JX7QJ6DE79,2010-04-24
446,Fawn,Neurology,61 Lunder Crossing,602-581-4344,8R21EQ5NE78,2019-03-29
447,Mel,Oncology,832 Autumn Leaf Pass,377-777-3672,6PK4HE0QT76,2019-10-05
448,Cindee,Dermatology,087 Schurz Drive,859-948-1691,9JK2AD4HP38,2021-06-03
449,Dorris,Orthopedics,4 Portage Pass,474-505-7544,4UY4Q77YH40,2014-03-22
450,Berthe,Dermatology,399 Porter Street,321-818-1937,9EE6NA7CM58,2011-06-04
451,Kenyon,Oncology,60 Ilene Center,678-856-6080,2FR2H59UN03,2014-05-13
452,Percy,Dermatology,7876 6th Court,224-721-0041,9GQ5E53AF92,2014-07-28
453,Devin,Orthopedics,7 Magdeline Way,392-437-8638,7M97U27NE47,2016-04-15
454,Melisenda,Dermatology,2 Sutherland Junction,460-959-2850,4YR1XQ0NN05,2010-02-07
455,Adara,Dermatology,99076 Jenifer Drive,354-757-1045,6UN1CQ5JF60,2010-10-19
456,Maritsa,Oncology,451 Twin Pines Road,660-166-8264,7DD3T18DW61,2011-09-28
457,Karisa,Cardiology,86 Declaration Plaza,548-758-4211,4JV7DP7KA93,2014-01-11
458,Simone,Neurology,004 Merrick Alley,755-878-4232,5R66J21EK01,2014-07-01
459,Vasily,Oncology,20805 Rusk Way,934-107-7144,4N39WQ5FQ30,2020-07-16
460,Fedora,Orthopedics,9438 Morningstar Crossing,664-833-6698,2YM7Q61RJ83,2011-05-01
461,Bartlett,Cardiology,86716 Kensington Pass,739-715-9777,3NW7GM4ED72,2020-06-26
462,Reinald,Orthopedics,3019 Drewry Plaza,289-116-4953,1J10QW5NV51,2021-11-06
463,Carree,Neurology,6281 Ruskin Junction,868-522-5038,3HR2D54QU87,2017-07-15
464,Pia,Dermatology,8390 Maywood Crossing,748-374-2751,4P29V79CG53,2014-01-25
465,Ichabod,Neurology,52865 Debs Court,597-662-6440,1V03KN8JA94,2018-11-17
466,Bernhard,Orthopedics,21717 Crescent Oaks Crossing,973-478-5649,9H69CT8MN27,2013-07-02
467,Zia,Dermatology,9 Sloan Way,606-622-3329,4X35UR2CC41,2010-06-17
468,Cary,Dermatology,9 Schurz Drive,132-884-4937,9A13WU5MC70,2014-07-09
469,Darrell,Cardiology,9 Monument Center,273-256-7761,3NY0NC9VK50,2014-01-09
470,Anestassia,Neurology,3 Elgar Lane,544-109-3065,6MW6D05RY39,2010-12-17
471,Lennard,Pediatrics,8231 Westridge Pass,558-522-0554,4AG8CK2EJ41,2011-03-28
472,Terrence,Pediatrics,2880 Briar Crest Crossing,513-722-0549,8DG6VK4EW61,2011-10-30
473,Alie,Oncology,3 Independence Street,159-150-8364,4GH9Q79UQ75,2010-05-02
474,Valentine,Pediatrics,27 Duke Park,831-934-7541,5HR1MM4RQ13,2019-01-10
475,Joellyn,Oncology,196 Arkansas Terrace,625-436-7415,2D97M17PA93,2021-01-10
476,Torry,Neurology,90855 Warner Lane,570-341-7540,5V23CJ1EY50,2020-06-15
477,Adah,Dermatology,448 Tomscot Junction,796-519-6353,5C32RT9UQ20,2021-10-09
478,Carlye,Oncology,17 Hallows Street,273-665-5660,5YQ3F92RP01,2018-05-03
479,Fayina,Cardiology,88 Scofield Court,409-683-6281,7T65ED8AP31,2020-08-29
480,Cissy,Dermatology,41 Eastlawn Circle,514-119-6852,4WY5VC3YU76,2020-04-17
481,Diena,Pediatrics,2 Canary Drive,417-930-6180,5XC4PT9NT36,2017-01-07
482,Ritchie,Orthopedics,77675 Grayhawk Hill,885-606-1183,7AP9FT0FX96,2016-09-17
483,Lisha,Pediatrics,446 Mallory Alley,610-649-6277,5EM5VR5PX11,2014-08-10
484,Janetta,Pediatrics,99 Declaration Center,666-584-7581,3NQ7XQ6RN02,2015-05-23
485,Else,Cardiology,1 Holmberg Park,710-145-0156,4PU2YR3JN86,2013-10-31
486,Christi,Dermatology,3 Anniversary Hill,102-751-6297,7G57F02CK35,2013-04-12
487,Adda,Orthopedics,839 Debs Circle,922-699-9344,8QQ4G01MG05,2011-03-03
488,Annaliese,Neurology,640 Ludington Place,452-736-1756,6U50FQ0MX51,2011-04-01
489,Gertrude,Oncology,635 Buena Vista Circle,312-101-7412,7E15QV8XM39,2021-11-25
490,Chas,Orthopedics,293 Gale Parkway,247-807-7227,8C73EC2MG66,2014-12-09
491,Martino,Dermatology,6 Blue Bill Park Center,353-760-6959,2DP6X48VF84,2017-04-10
492,Fredelia,Pediatrics,3 Milwaukee Point,383-921-2280,1XW1Q64JH71,2013-03-27
493,Alaric,Pediatrics,0429 Mallard Way,957-967-0004,2ET1F03NG51,2013-12-12
494,Deva,Dermatology,06 Thierer Circle,485-751-2494,6V47PM2ME82,2021-10-10
495,Bunni,Neurology,44323 Anniversary Park,595-467-7034,7VW6T49NJ06,2021-12-28
496,Sianna,Dermatology,48 Pearson Circle,162-697-1552,7AK3K61XT65,2021-07-01
497,Aurie,Dermatology,54874 Orin Crossing,395-615-7538,4RD8FR6MX30,2017-07-23
498,Opal,Cardiology,8 Vermont Terrace,153-138-1709,8QY5GM8UF15,2018-12-23
499,Hallie,Cardiology,16 Mockingbird Junction,970-655-7295,7HQ4K33UR22,2016-07-17
500,Kenna,Oncology,34108 Arrowood Road,319-124-7824,5FY9Y26JU64,2019-03-26
501,Kathye,Dermatology,50 Waxwing Place,671-381-0682,5F66U78GV85,2021-03-08
502,Alan,Pediatrics,6 Ludington Trail,377-358-4721,4TA5R70XU04,2018-12-12
503,Wood,Oncology,64 Mandrake Road,274-880-4674,1H76PJ6WF81,2019-06-01
504,Shaughn,Pediatrics,7 Ramsey Court,168-441-0796,6MR5CQ7KT36,2019-05-30
505,Issy,Neurology,47976 Barby Terrace,758-817-3303,5E05X83HT78,2015-09-23
506,Morley,Oncology,555 Springs Lane,337-132-2570,1TA7P65DY88,2021-10-29
507,Tildie,Cardiology,3632 Crowley Center,373-394-9637,6TQ4YF2YC39,2021-07-26
508,Nalani,Cardiology,9 Tomscot Trail,628-873-8308,3Q24YY5FP45,2018-09-12
509,Myrvyn,Neurology,16 Saint Paul Road,256-276-7425,6W95Q95TJ32,2016-10-08
510,Payton,Cardiology,2383 Sommers Court,587-377-8328,4P17N12MR63,2019-07-01
511,Anthe,Cardiology,09297 Goodland Road,762-508-9602,1PC6KG2YM48,2016-05-31
512,Suzanne,Pediatrics,2267 Upham Circle,964-299-8593,4WD5XM1YT49,2015-12-20
513,Vyky,Pediatrics,0791 Doe Crossing Way,993-968-2928,9DQ2JP7RT52,2014-06-01
514,Lewiss,Pediatrics,5465 Wayridge Point,997-827-8288,7DV9K94AE86,2011-06-12
515,Kenton,Dermatology,925 Hayes Hill,370-744-4160,4M95AY8DF13,2019-07-17
516,Sibel,Oncology,4987 Carey Drive,367-471-0688,5FY9Y34ED71,2018-04-16
517,Alon,Neurology,9084 Havey Road,315-795-8287,2XQ8YH7YR30,2020-11-04
518,Tracy,Oncology,6862 Washington Terrace,217-145-5295,7JY6K61KK30,2016-03-20
519,Holly,Pediatrics,744 Veith Terrace,606-358-4820,1QE1AP2KU06,2013-12-11
520,Vannie,Oncology,7 Truax Center,456-362-3003,1YG8ND6HY06,2018-02-26
521,Benyamin,Dermatology,6613 Reinke Center,422-454-9193,8A81HQ4XF49,2020-11-06
522,Wally,Neurology,785 Thierer Way,257-842-5036,5QY6GE1ER88,2020-03-05
523,Shina,Oncology,109 Calypso Point,237-133-2432,6JV2QD9CM08,2014-02-26
524,Karlene,Cardiology,63 Express Circle,616-535-5807,1UG2C92EG45,2010-03-23
525,Chery,Oncology,1 Merry Circle,740-517-5723,2DW8VU8EH93,2018-09-04
526,Reinaldos,Neurology,123 Hooker Plaza,373-531-7728,6NW1FQ5VT52,2018-05-23
527,Bonnibelle,Orthopedics,20135 Spohn Center,684-893-4038,4N51NM3AE47,2016-05-02
528,Noelle,Oncology,2 John Wall Terrace,421-682-6404,8QV5TV6GH94,2020-09-28
529,Kimberli,Oncology,65 Gulseth Court,607-741-9847,6JX5GA5NM61,2013-12-21
530,Manolo,Orthopedics,42755 Novick Park,779-419-0210,1G48F16UW57,2012-01-15
531,Lonnie,Dermatology,77072 Colorado Way,110-121-3557,8JY5G96CX89,2017-05-13
532,Brittni,Oncology,63 Blaine Street,462-892-2554,6P15FJ5CU08,2012-05-19
533,Matty,Oncology,77 Lien Drive,120-580-9908,2Y43P75JE66,2020-11-12
534,Liesa,Dermatology,996 Melvin Place,306-476-6925,4EY0JA1KN83,2014-08-31
535,Dorella,Oncology,28 Lyons Pass,793-950-9336,6X27F52UY59,2017-03-09
536,Lauraine,Dermatology,9608 Graceland Court,202-297-6067,3NH3TM1KG98,2021-02-01
537,Lin,Pediatrics,9 Westerfield Crossing,898-445-1855,5U57X69AH88,2021-12-13
538,Klara,Dermatology,59 Granby Junction,435-895-2935,9RV5ND5AX83,2016-03-25
539,Auria,Orthopedics,7778 Lake View Terrace,209-884-7320,7XG2QN0VJ23,2011-01-21
540,Marissa,Dermatology,4 Loomis Junction,377-230-8479,9U66KC1JX79,2011-09-19
541,Nydia,Cardiology,0 Crowley Court,371-991-9448,2D80C72RN42,2010-12-06
542,Jule,Neurology,1 Parkside Trail,408-896-1115,8AY9KM1UK43,2020-09-07
543,Nanice,Pediatrics,612 Main Hill,363-362-5255,9DU1DA7TX10,2020-09-25
544,Doyle,Dermatology,782 American Ash Crossing,592-937-7866,2H66X10FK74,2010-08-01
545,Norine,Pediatrics,6909 Sunfield Trail,265-886-9740,6QE9UR2MF77,2021-06-13
546,Edee,Dermatology,666 Eagan Junction,809-777-0411,9PF9D77NG63,2015-12-14
547,Conway,Dermatology,860 Clyde Gallagher Plaza,229-261-9025,4RQ1FG0WQ10,2017-08-07
548,Donnie,Cardiology,77 Mifflin Trail,432-285-8532,5XR3E03MY05,2017-12-13
549,Matias,Neurology,1 Kipling Plaza,958-135-5978,9NR9T34JG48,2016-02-02
550,Vincents,Orthopedics,463 Vermont Crossing,425-492-7788,8P04G89WX65,2011-06-20
551,Gabriellia,Orthopedics,8 Artisan Pass,913-288-5701,9Y72P67WT62,2014-08-05
552,Jillana,Oncology,775 Melvin Trail,251-348-9760,6NY5N64XA57,2017-02-16
553,Cassi,Pediatrics,6 Trailsway Court,142-473-0165,8RR3U64NK10,2015-09-23
554,Hyacinthie,Pediatrics,4671 Amoth Point,949-549-3175,4HR9C93QE59,2019-05-13
555,Ava,Oncology,0199 Reindahl Junction,424-367-3041,6HY1VV1VF51,2013-02-17
556,Adolf,Cardiology,505 La Follette Junction,745-290-9408,7EX4FU3DY65,2019-02-07
557,Nelly,Orthopedics,32 Nevada Crossing,183-490-9016,1K04WG8KT92,2020-05-18
558,Adelle,Cardiology,77 Crest Line Way,768-574-6253,6N70YK3FE97,2015-08-16
559,Cassy,Pediatrics,07 Harbort Hill,852-864-2759,5JF6P39GJ69,2012-11-22
560,Bealle,Orthopedics,35 Jackson Way,875-774-4959,1F48EP3QD35,2012-07-22
561,Brendis,Cardiology,05 Gulseth Terrace,954-686-5582,1E89MG0NP76,2016-08-30
562,Lusa,Dermatology,18171 Fairview Center,887-729-3873,8AR0F81FK36,2012-02-25
563,Waldon,Cardiology,1072 Nelson Circle,914-639-3249,4V65NG5RT04,2011-08-08
564,Abbie,Pediatrics,5 Homewood Junction,133-764-8013,4UE1WT6HA17,2014-07-10
565,Jamaal,Dermatology,1 Sugar Pass,295-329-0205,1KR8V34AN86,2011-09-20
566,Peria,Pediatrics,98 Doe Crossing Pass,145-856-3178,4AP7DX5PP72,2019-07-20
567,Ripley,Oncology,967 Bonner Park,627-787-8802,7WF8AA6WY35,2011-09-21
568,Nestor,Cardiology,3890 Pawling Way,568-713-9615,5JY6AT6XP29,2010-02-17
569,Nadya,Orthopedics,06994 Carioca Circle,245-352-8321,2UP5QY6WW94,2018-12-07
570,Meier,Cardiology,8928 Prairie Rose Street,504-703-7855,1PV2PP2FU67,2019-11-25
571,Ryan,Orthopedics,496 Roth Point,328-327-7047,8XM9E36WG79,2019-02-11
572,Shirley,Orthopedics,2 Sundown Alley,693-591-7988,7T05QM9CG46,2011-03-22
573,Graeme,Oncology,0 Rutledge Road,541-355-9953,6GE4F65JR76,2017-09-26
574,Kelsey,Dermatology,961 Delaware Alley,604-450-0981,1C01T44KQ94,2013-12-08
575,Llywellyn,Cardiology,46652 Barnett Hill,546-998-5529,9A57PA8AW60,2011-10-05
576,Ellissa,Dermatology,3856 Anzinger Point,395-128-5340,5D04VG1CP62,2012-02-06
577,Amye,Dermatology,7 Lotheville Park,584-738-2629,5MD3Q69GP45,2016-04-06
578,Brandtr,Pediatrics,859 Swallow Avenue,279-981-8271,2QM0D22XK80,2021-04-09
579,Brier,Dermatology,91 Morning Junction,242-442-5413,5M41DC4WH27,2019-09-04
580,Gil,Oncology,3882 Transport Plaza,422-988-9747,1ER0N26YX53,2020-06-12
581,Jana,Pediatrics,590 Division Crossing,392-891-4114,1D31T55GW65,2018-02-10
582,Sela,Cardiology,358 Duke Alley,661-821-3198,2E18P48TU74,2016-12-02
583,Chucho,Dermatology,05 Bellgrove Place,977-912-2348,8VE1QN1UT02,2021-10-26
584,Prentiss,Oncology,0187 Dryden Plaza,826-487-1683,3EX2NJ8JQ04,2019-07-15
585,Dannel,Neurology,39 Petterle Terrace,160-147-5896,2YA5AF8HM86,2016-02-26
586,Gustavus,Oncology,2 Jackson Place,726-565-6822,5UW8KU5QC90,2012-02-03
587,Ted,Cardiology,1 Twin Pines Street,110-472-7367,7QR3YJ9FH22,2014-05-25
588,Alyda,Neurology,43258 Roth Plaza,914-989-4268,9V68HR0HA56,2010-06-11
589,Justino,Cardiology,71281 Talmadge Road,518-675-4044,5WF1XQ6ME38,2019-09-17
590,Carey,Pediatrics,941 Cascade Pass,624-343-4725,3EC1E93KK61,2018-02-28
591,Anastasia,Neurology,5 Merry Alley,929-543-8834,4FP9EW5CU64,2019-08-31
592,Darelle,Pediatrics,78292 Brickson Park Trail,719-531-7055,9V65YR6PH82,2018-03-26
593,Henka,Pediatrics,0 Shopko Point,440-993-3403,9HJ3RJ9AH86,2010-09-11
594,Jacquelynn,Dermatology,98678 Marcy Terrace,180-598-2036,9QR6DJ9RU11,2013-12-02
595,Koralle,Oncology,9888 Springs Court,268-643-4249,4TA3PP9HT21,2021-05-30
596,Joycelin,Cardiology,601 Calypso Terrace,610-182-0271,5EU4DN3EC04,2020-04-03
597,Karoline,Cardiology,69994 Little Fleur Point,123-259-4132,4D03VG2QV63,2011-07-04
598,Catherin,Oncology,3 Darwin Park,445-501-9113,5PD6W87JE40,2010-02-04
599,Adolphus,Orthopedics,27479 Haas Crossing,298-414-8939,8Y40R27MW47,2012-09-02
600,Angela,Pediatrics,0218 Washington Parkway,786-172-0582,6NT3V41JQ81,2014-07-10
601,Joan,Orthopedics,5813 Mayfield Parkway,179-818-8757,3EM8FG3JV55,2018-07-22
602,Amie,Neurology,147 Hoffman Hill,575-514-8881,1M12QD1FD27,2015-10-21
603,Baxter,Neurology,07 Sauthoff Park,178-732-6038,7TX9FQ0KJ17,2016-10-14
604,Ulises,Dermatology,966 Springview Pass,764-615-5008,6UA6HU8YN28,2010-08-06
605,Yorke,Pediatrics,7251 Derek Avenue,470-779-4369,8JT7W51QX29,2014-09-30
606,Margaux,Orthopedics,1 Clove Drive,259-530-8686,9YV7VP6KK74,2020-03-16
607,Dewey,Pediatrics,84735 Everett Pass,340-952-5085,4UK2UP2AU97,2013-11-13
608,Webster,Oncology,604 Rigney Way,576-905-7928,7ET5C07PH24,2016-05-03
609,Glory,Oncology,854 Schmedeman Road,504-323-7588,7UQ1HA8FK88,2019-11-22
610,Griffin,Orthopedics,2 Miller Pass,729-251-8096,8RH1M30EM33,2021-03-09
611,Zaccaria,Orthopedics,903 Brown Park,294-567-0271,2MF2UF0RC12,2011-04-29
612,Ava,Orthopedics,7773 Golden Leaf Trail,384-541-6580,8RE3W41VU58,2011-03-19
613,Romain,Dermatology,280 Express Lane,980-863-4365,4Q35HE3HE80,2010-04-08
614,Codi,Dermatology,53078 Shasta Avenue,990-322-1269,7K68VM6AT17,2018-12-04
615,Arlen,Neurology,006 Pennsylvania Trail,750-366-5204,9RK0N65TN76,2018-02-23
616,Ashton,Oncology,75 Dorton Plaza,759-489-4308,3TD0W16KA44,2020-09-09
617,Gayle,Neurology,51780 Messerschmidt Point,550-656-9219,7Q50VM2VA32,2011-02-27
618,Ford,Oncology,371 Beilfuss Plaza,862-527-8251,2WU4TR3RU22,2015-03-26
619,Farlay,Cardiology,95541 Morningstar Point,604-185-0795,7NY5R56DV95,2018-10-09
620,Jerrylee,Orthopedics,7 Village Lane,730-202-2269,1FC6YY5HV37,2012-08-28
621,Grethel,Dermatology,26902 Manley Park,462-385-2258,5TC4YG7VV45,2012-05-30
622,Zared,Dermatology,671 Loftsgordon Place,362-951-8347,5G80CD2PF35,2017-02-02
623,Beckie,Orthopedics,76 Morrow Plaza,543-414-9833,9JM0K88MX44,2017-10-25
624,Aldis,Dermatology,84566 Trailsway Plaza,437-452-0770,5G57RU7NK73,2015-09-21
625,Joelle,Dermatology,87826 Melby Park,968-374-0772,7GC5JC6DN79,2019-08-07
626,Eartha,Oncology,2004 Mallard Way,758-591-0331,1W20FC0VD44,2015-06-03
627,Kirsti,Orthopedics,58 Hollow Ridge Parkway,109-322-9249,9HW5HJ1QN58,2017-04-02
628,Chrotoem,Oncology,84337 Fordem Way,279-457-4609,2HC9FW9YQ12,2014-09-16
629,Jodie,Neurology,9662 Hovde Hill,414-856-2271,7FQ0UV9NU51,2017-07-04
630,Corney,Orthopedics,27484 Havey Trail,973-660-9359,5V50AM1MJ35,2013-02-15
631,Cyril,Neurology,246 Marquette Circle,212-596-2967,8JC7JN1UU05,2015-10-23
632,Allin,Orthopedics,7 Monterey Pass,634-644-3208,5FQ5K46JD03,2018-03-07
633,Petunia,Cardiology,08397 Pennsylvania Center,417-418-6737,6J07TM9WW15,2018-12-04
634,Jamie,Neurology,16718 Hintze Street,218-437-7154,4PJ5QH3PK64,2010-08-03
635,Ignatius,Dermatology,8 Porter Terrace,801-983-1813,4U75NR1JY73,2019-05-12
636,Jacquie,Orthopedics,60141 Moose Hill,427-630-8358,6GU2M34UF63,2020-08-17
637,Harriett,Orthopedics,18423 Farragut Point,972-879-3827,2RA8V79EY26,2017-05-05
638,Perceval,Pediatrics,2 Fremont Lane,414-984-4056,5WF1CN9UQ07,2020-01-28
639,Paquito,Neurology,2 Blue Bill Park Avenue,567-299-5263,3KK9R37AV91,2019-02-17
640,Bonny,Pediatrics,49 Riverside Terrace,675-714-1268,9T47V80CR88,2016-07-01
641,Fredia,Neurology,8507 Utah Park,718-733-4430,9EW7TK7CU94,2016-02-02
642,Trescha,Orthopedics,828 Waxwing Circle,754-876-1690,9EY7NE6JW83,2017-08-31
643,Bentlee,Oncology,6 Kedzie Center,556-631-9614,6WN9FP4UM73,2011-10-07
644,Fulvia,Cardiology,29041 Melby Court,617-241-1301,4XV1Q46VG96,2010-12-01
645,Agnes,Oncology,3 Forster Drive,146-447-9567,6DD8HN5HP69,2021-02-16
646,Val,Oncology,5 Marquette Road,263-793-4189,3UH6JR1QK33,2017-10-05
647,Shanda,Orthopedics,92 Northport Road,893-942-3757,4EG3XM9TC58,2016-10-04
648,Claiborne,Oncology,94760 Pepper Wood Trail,465-400-2796,9R16KP3HY55,2011-05-30
649,Dalt,Dermatology,8596 Schurz Trail,352-791-8013,3A81UJ9GW36,2012-02-18
650,Hilary,Dermatology,8 Lillian Park,888-956-6274,6AH8AE6NX80,2019-04-11
651,Jed,Pediatrics,109 Hagan Alley,122-702-3577,8ED8HR6KW16,2019-10-25
652,Vyky,Pediatrics,5 Tennessee Point,790-402-7059,2G15CH7AV81,2019-06-09
653,Aksel,Oncology,21 Myrtle Center,490-565-5122,8Q03DR9TT33,2016-06-12
654,Noella,Neurology,084 Monument Hill,955-757-6784,2E65AA6DC29,2010-01-13
655,Darrin,Orthopedics,5552 Carey Center,137-998-5184,1XF4HJ5MQ11,2011-10-03
656,Dix,Oncology,99977 West Point,432-904-3442,4G38CE9AH64,2019-12-24
657,Raynor,Dermatology,8 Talisman Center,568-902-0865,2X60F05KU38,2010-09-13
658,Nissa,Cardiology,1 Aberg Pass,837-459-5379,9F29Q94HJ79,2018-11-10
659,Doe,Neurology,79 Truax Court,986-956-3967,8U90MP8FY67,2020-12-17
660,Anny,Dermatology,81872 Elgar Street,444-162-8413,2JR9QE8NY15,2021-12-21
661,Abagail,Neurology,5786 Lien Park,308-411-5528,7UG1WR6UC90,2017-05-15
662,Leland,Cardiology,571 Maryland Way,914-484-4766,7NX9QJ6QF45,2012-12-29
663,Channa,Dermatology,323 Bayside Drive,607-312-4943,5X01WQ9QF22,2011-10-09
664,Etta,Dermatology,2623 Eastwood Way,406-251-2833,6T76C69HM61,2010-03-29
665,Bili,Cardiology,4332 Sullivan Parkway,765-806-1008,7J92RN1CV92,2013-09-12
666,Mommy,Orthopedics,59469 Dapin Lane,367-976-8673,5MP0ME3ER86,2019-07-02
667,Gerick,Orthopedics,326 Bluestem Alley,110-762-2997,9QM5KF4UK03,2021-05-09
668,Gretna,Dermatology,63 Dixon Court,849-560-7803,1NT5XT0WG86,2014-04-06
669,Pablo,Oncology,79 Blackbird Circle,279-183-2571,9Q21QD4XY90,2015-06-08
670,Silvanus,Dermatology,56 Manley Park,289-601-2852,8G06R99RA04,2016-07-26
671,Sauveur,Neurology,66 Donald Alley,218-707-5602,8DA7WM6JF61,2018-10-29
672,Graeme,Pediatrics,8398 Loftsgordon Parkway,631-353-1874,7PC2JA7TR45,2012-02-08
673,Eal,Orthopedics,55403 Mcguire Court,242-589-5511,2QX1FP1CK02,2020-05-25
674,Corabella,Cardiology,2 Eagle Crest Trail,405-306-8148,9M17QV9TR60,2010-03-22
675,Cherise,Oncology,48273 Di Loreto Crossing,773-316-0633,4N06D49MP94,2013-08-04
676,Abram,Cardiology,3939 Goodland Circle,726-362-4446,7UR2Q32NJ77,2021-06-10
677,Chrystel,Pediatrics,535 Talmadge Court,998-964-7201,2HU2QX2FQ15,2016-12-26
678,Davy,Cardiology,2702 3rd Lane,445-924-0018,1WJ6H00YY88,2012-10-01
679,Ellwood,Neurology,01471 Lukken Road,889-969-5296,4W36AX1MP72,2018-04-09
680,Lewie,Dermatology,222 Dayton Street,977-137-2139,5YN3F08QK45,2020-11-18
681,Gunner,Dermatology,03203 Morningstar Circle,362-651-1509,1C89GR5UU77,2011-10-22
682,Codi,Pediatrics,69 Everett Pass,366-472-9377,1Q64MW6CH51,2020-03-06
683,Thom,Orthopedics,98 Crescent Oaks Avenue,852-636-9423,4KG8H27RU25,2021-06-15
684,Kylie,Cardiology,439 Pierstorff Place,581-600-4650,6WY8U93NT12,2012-07-19
685,Judy,Pediatrics,4 Florence Center,125-376-6682,6JU8EF5PC56,2015-11-13
686,Meir,Orthopedics,9510 Porter Alley,307-663-7571,6TN2F23WU77,2013-01-02
687,Sandy,Pediatrics,1950 Clarendon Center,831-372-7194,8U98DY1XR27,2011-04-19
688,Alvie,Dermatology,40 Hudson Junction,300-577-9238,9UR1JE2YJ21,2010-10-20
689,Marianne,Dermatology,8 Hansons Terrace,693-634-4559,9PN0WM8XU23,2021-03-28
690,Gael,Neurology,93353 Welch Place,876-289-4129,4U70W77CV77,2010-08-29
691,Marilyn,Pediatrics,0 Dawn Parkway,202-469-4215,5WT9U53KC25,2021-12-19
692,Bink,Dermatology,797 Caliangt Place,852-935-3561,9WR5P16JA01,2018-03-07
693,Bonnibelle,Oncology,1 Bluestem Avenue,991-439-7861,5PW5FG3QJ89,2012-05-02
694,Hertha,Dermatology,1 Raven Alley,248-508-7022,3RA1VK3XT71,2021-03-11
695,Morse,Dermatology,35 Corscot Way,411-732-0619,8WF4RD2TH54,2017-12-29
696,Sukey,Cardiology,405 Grover Plaza,842-576-3273,9UQ2FK3VH59,2019-10-15
697,Iain,Oncology,2531 Grayhawk Court,468-450-8202,8YQ9C12RE86,2019-03-13
698,Melania,Oncology,19 Milwaukee Park,165-849-2947,6TV0DX3TV28,2016-03-27
699,Abran,Pediatrics,559 Forest Dale Hill,336-714-7750,3TR9FT1QC74,2012-08-22
700,Michelle,Orthopedics,11808 Dwight Hill,565-291-0295,9F79X69MH08,2014-05-17
701,Marga,Pediatrics,39 Dawn Pass,551-428-4382,9F82H78TM49,2020-05-10
702,Carroll,Dermatology,02775 Mariners Cove Street,399-680-7467,5FU9P17AG48,2020-12-25
703,Shantee,Oncology,23 Daystar Plaza,978-193-3138,2FU7H51HU59,2011-09-10
704,Roch,Neurology,86 Fair Oaks Court,875-339-4303,6X70J28MJ15,2017-04-20
705,Sherri,Cardiology,2324 Redwing Parkway,312-298-9476,6C30R40XN59,2019-04-05
706,Archer,Orthopedics,4575 Straubel Trail,910-155-0477,4PX9T88TY11,2021-06-24
707,Pavla,Cardiology,049 Dayton Court,288-209-8409,2K17P90DJ95,2012-09-25
708,Seline,Orthopedics,3335 Loomis Pass,259-232-4882,3V12QM4WN36,2018-01-17
709,Dita,Neurology,2 Bartelt Circle,594-383-4965,2YY5X90CM66,2016-08-25
710,Christy,Neurology,0622 Pennsylvania Terrace,300-968-7848,5FQ2D28NH92,2018-12-15
711,Saundra,Neurology,69 Eastwood Park,927-150-6715,6FF8U55TK54,2015-10-26
712,Zia,Orthopedics,5 Ronald Regan Court,613-613-8110,9RF6Q07HY27,2010-02-04
713,Nancey,Oncology,3386 West Trail,712-150-1212,6MD8YX1FX79,2010-05-20
714,Darci,Cardiology,7998 Claremont Road,474-579-9947,3E96GN5NX63,2015-06-21
715,Seymour,Orthopedics,94595 Debra Plaza,841-712-5900,4M07N70WY08,2021-08-28
716,Melloney,Oncology,2 Nobel Place,605-265-7400,9VN1FA9XU84,2020-08-20
717,Dani,Oncology,49738 Jenifer Hill,376-339-4074,7M55UV6PT26,2012-08-14
718,Adriaens,Orthopedics,44554 Sommers Point,282-899-2306,7PP2K45XT89,2013-07-04
719,Adena,Dermatology,570 Browning Way,266-510-2261,1GQ2NQ8TA18,2010-02-10
720,Bellanca,Dermatology,46664 Gina Road,490-215-2441,4H53E34UR68,2015-01-19
721,Didi,Cardiology,188 Blue Bill Park Place,834-366-7787,8YK9AE6VC16,2013-07-27
722,Carie,Oncology,647 Fallview Court,750-873-7599,5G26XJ0RF63,2021-07-28
723,Terrell,Dermatology,79449 Sutteridge Lane,319-345-5500,3D94W23UY84,2021-07-07
724,Olenka,Oncology,54 Melvin Court,301-529-0666,5CC4FT6KR07,2019-06-07
725,Garrek,Cardiology,7 Spaight Alley,910-690-9060,5DU6KX3HV57,2015-01-04
726,Gerrilee,Pediatrics,5149 Darwin Junction,395-160-5152,4WX3YK2JV96,2017-08-06
727,Danika,Neurology,05 Bluestem Circle,771-143-4427,9UN7W53RT06,2016-02-19
728,Beverlee,Oncology,6 Vahlen Place,773-129-7597,5M71HW8CY84,2013-01-07
729,Jereme,Orthopedics,03550 Dorton Junction,319-859-9701,8Q81MR4YG28,2014-05-29
730,Bernarr,Dermatology,095 Hallows Road,629-763-3160,5V50M53QA23,2010-03-29
731,Henryetta,Pediatrics,85 Riverside Crossing,641-971-6489,9T12AA1XA35,2020-04-05
732,Gearalt,Pediatrics,9 Redwing Junction,780-687-6779,4CQ4QX2PC98,2011-08-03
733,Sebastian,Orthopedics,66431 Mariners Cove Plaza,318-753-3060,3GM6C62EX52,2012-05-25
734,Alisander,Cardiology,053 Jenifer Alley,814-978-0254,2E79D75EY10,2016-05-13
735,Blondell,Pediatrics,62 Rutledge Terrace,434-915-0529,7HA2XF0AY41,2012-04-29
736,Fidole,Orthopedics,12 Amoth Avenue,816-817-0683,3JW9PE0NN38,2011-10-01
737,Devin,Cardiology,73 Fuller Center,940-634-2320,2WT1WR4FR61,2011-02-06
738,Korey,Orthopedics,97076 Rusk Street,857-148-9752,2CM4CD8NE25,2014-10-15
739,Carmel,Neurology,656 Havey Trail,455-554-6738,5RA1EV6VU08,2010-02-01
740,Vasili,Neurology,176 Schiller Center,583-495-6322,2AR0T72FP42,2016-03-07
741,Parker,Cardiology,3 Meadow Ridge Center,438-791-5654,9QC4A98XG65,2010-06-22
742,Michele,Pediatrics,8399 Ilene Hill,873-416-9032,9K12H02GN19,2019-12-13
743,Maryanne,Neurology,99084 Mallory Point,743-889-5775,9PE4TQ5UE38,2010-11-02
744,Greta,Cardiology,006 Independence Trail,172-675-2025,9HF5MD4DM82,2016-02-06
745,Stephenie,Dermatology,1 Norway Maple Terrace,775-555-8511,5PP0RA8KJ39,2012-02-29
746,Ted,Pediatrics,8799 Banding Alley,870-195-9660,4T39RF2UY23,2020-01-21
747,Phillipp,Cardiology,42164 Larry Hill,513-353-8721,6R82UC5VQ78,2014-08-16
748,Jarrett,Neurology,12 Forest Dale Court,737-126-7517,8UQ1PR2PY45,2016-02-12
749,Erik,Oncology,551 Leroy Plaza,561-685-2795,8DC9D91WP50,2018-04-22
750,Finlay,Pediatrics,54762 Linden Center,864-433-7632,1U87G92DU56,2014-06-11
751,Peri,Cardiology,057 Rutledge Place,287-162-0327,4FA4GH1FH14,2018-08-17
752,Cordelia,Orthopedics,3879 Susan Parkway,479-805-5800,9V31N41DT27,2018-02-09
753,Meryl,Neurology,00 Arrowood Center,567-810-5585,3WJ0H73JC93,2017-03-06
754,Leena,Pediatrics,6144 Maywood Place,535-147-4941,1WC1G10RD89,2013-10-10
755,Port,Orthopedics,1 Kenwood Road,782-800-1184,7MQ8UT6RK30,2017-11-30
756,Briano,Neurology,69 Calypso Junction,285-930-5798,8P28DC6YT03,2014-06-11
757,Lucine,Pediatrics,03272 Nelson Crossing,322-883-7615,6CW3P99JQ63,2015-09-13
758,Cash,Orthopedics,92 4th Lane,624-289-4268,6EJ7HY9QN94,2014-09-01
759,Wendi,Oncology,2 Drewry Lane,663-491-2894,2M36RN1XG01,2015-09-14
760,Bayard,Oncology,44 Washington Court,704-110-2489,3VH9YD8YM48,2019-07-05
761,Demetre,Cardiology,32089 Valley Edge Avenue,756-888-6635,8WP2FG0YQ04,2012-12-14
762,Darbee,Cardiology,72467 Armistice Avenue,210-571-4227,2R16N41CY01,2016-10-12
763,Romeo,Oncology,10611 Golden Leaf Alley,701-190-1583,2E28KC8XJ01,2020-03-13
764,Willard,Neurology,2 Banding Parkway,978-725-9164,8N34EJ0VU75,2010-04-06
765,Jerrylee,Cardiology,71674 Bartillon Street,726-413-5540,9G02E97EM81,2019-01-26
766,Sasha,Oncology,91 Charing Cross Point,146-225-9044,6KQ5J23UP83,2018-09-15
767,Chiquita,Neurology,703 Bultman Point,711-833-4924,3MW0CT0WT53,2010-01-02
768,Elia,Cardiology,54 Prairieview Alley,460-802-7850,1UH7NF9AH62,2012-10-05
769,Rowney,Dermatology,3840 Linden Court,762-584-7595,1XH6VA6AD90,2010-04-06
770,Robyn,Neurology,838 Jay Trail,170-141-3018,4CA2HP7DJ01,2014-11-04
771,Wilma,Oncology,79 Rusk Crossing,450-634-5575,1JG2HV8UN79,2015-08-12
772,Chase,Dermatology,8 Northport Hill,539-141-5497,4E41E37NP12,2011-11-28
773,Hirsch,Dermatology,0 Morning Road,533-821-4681,4DK9KM6QQ68,2013-08-23
774,Ruthy,Oncology,3241 Washington Park,131-576-9073,2NP8T12HG48,2011-05-13
775,Constantina,Neurology,18199 Birchwood Avenue,908-466-9587,6HQ1TC0XY72,2018-01-03
776,Shayne,Dermatology,7 Crescent Oaks Parkway,179-337-3792,2Q51N72RT63,2013-03-17
777,Dita,Orthopedics,35987 School Avenue,602-812-8292,7PG1JV3PU82,2015-08-06
778,Aloise,Neurology,27474 Larry Trail,349-256-4850,4YY0KN3PK05,2016-02-25
779,Tresa,Dermatology,91179 Debs Court,540-778-0553,4KW5N83CP98,2015-06-23
780,Mart,Dermatology,3 Meadow Vale Avenue,743-517-2747,2E24AP4YJ13,2014-08-27
781,Cam,Dermatology,71284 Norway Maple Lane,894-735-2616,7YR8VJ1AP41,2017-09-14
782,Marcus,Orthopedics,849 Green Lane,629-400-3194,2TK2VP9UE35,2016-08-20
783,Dana,Neurology,12 Southridge Junction,264-832-7282,4AD8NU3FN64,2011-03-13
784,Ced,Pediatrics,00117 Armistice Circle,191-408-2409,1F83CU6UA66,2017-09-30
785,Khalil,Dermatology,2 Pond Place,956-435-4410,1C02EM4JY05,2017-07-15
786,Seymour,Neurology,7 Carioca Circle,186-668-8734,5YE8VN5NT88,2014-07-03
787,Corney,Cardiology,59 Ilene Road,314-389-4921,2HC3TJ6CG18,2013-09-10
788,Nicola,Orthopedics,4 Forest Road,737-674-5805,5KU5X80JA96,2021-10-07
789,Eliza,Oncology,9 Blackbird Court,820-404-0083,8AD7M35NU60,2010-05-18
790,Monroe,Pediatrics,867 Texas Court,269-448-1879,4HW3U85TG28,2010-10-12
791,Roldan,Oncology,2 Colorado Court,989-694-6114,7C89Q67XG97,2020-12-03
792,Ginelle,Neurology,20 Harbort Trail,742-604-2930,7NQ3UP4HA47,2019-11-24
793,Roderich,Dermatology,381 Westridge Parkway,301-446-0607,1RK8AF2TR79,2018-09-16
794,Ernesto,Oncology,38172 Sherman Trail,704-817-9687,4D08QF1GX73,2017-05-24
795,Florence,Dermatology,14247 Cardinal Park,654-487-2950,5HD0G29QU79,2017-11-01
796,Molly,Pediatrics,5890 Burning Wood Alley,302-238-5645,2RN3Y28FG19,2017-10-29
797,Kendal,Neurology,2 Kings Plaza,485-146-8508,9EX5KW2UX68,2014-11-14
798,Kenneth,Oncology,89 Bay Parkway,391-114-4494,9EJ1P47DP44,2014-02-10
799,Maybelle,Dermatology,5685 Schmedeman Hill,763-667-2375,1NT9K03ET36,2015-01-25
800,Peggie,Orthopedics,26427 6th Plaza,902-721-7006,4WE8JE0YV82,2011-12-04
801,Kirsteni,Orthopedics,79 Dunning Junction,831-754-3514,6DJ3E79RM72,2011-02-21
802,Milty,Pediatrics,939 Logan Road,998-585-5336,8A04GF6EM25,2010-08-13
803,Dunn,Cardiology,0 Bultman Lane,950-739-7464,4JE0FP3HG00,2013-06-01
804,Lindie,Orthopedics,4 Ruskin Point,669-105-2919,3H99EN8XG94,2016-06-20
805,Rakel,Pediatrics,2703 Little Fleur Pass,847-274-8359,6E48XE1KC09,2011-06-02
806,Cosme,Orthopedics,054 Londonderry Drive,105-143-7846,4YN2P22MJ77,2020-08-05
807,Gavrielle,Cardiology,99 Packers Way,520-600-5790,3U29DJ0EH86,2012-01-13
808,Morgun,Cardiology,83 Jenna Avenue,333-911-1562,1MN5Y00RJ05,2014-05-30
809,Jaquelyn,Oncology,0779 Mifflin Avenue,619-737-6023,6PG7QA1EF41,2012-07-16
810,Rollin,Orthopedics,6 Pond Park,235-139-7501,3G69ME5RN36,2021-12-07
811,Briny,Orthopedics,2 Larry Way,201-253-6626,8CX5M50HA13,2013-07-22
812,Eran,Oncology,2 Spohn Lane,151-748-5375,4F11TU7HY69,2013-07-04
813,Lelia,Dermatology,988 Browning Lane,902-724-4671,9VM4T15EK54,2013-04-25
814,Binni,Dermatology,84297 Kensington Street,808-339-2045,4WA1ND9RU02,2020-11-14
815,Nancy,Cardiology,894 Loomis Hill,516-421-7311,9NK6R94CX55,2020-04-09
816,Maggy,Pediatrics,65657 Sutteridge Trail,972-725-3214,1WN3MR2VF65,2010-01-26
817,Freeman,Oncology,8 Hansons Trail,187-760-3436,3CR4MJ5JE31,2012-07-05
818,Russ,Orthopedics,360 Upham Hill,832-466-2562,1FT2KP4TW12,2015-04-10
819,Dionisio,Orthopedics,76 Blue Bill Park Parkway,749-509-7527,5PN0W37VH45,2010-05-19
820,Isiahi,Dermatology,8 Lyons Parkway,828-247-0180,6FD7H30JY94,2011-12-04
821,Dillon,Cardiology,0040 Sloan Pass,485-811-8496,4W13AV0VT56,2021-08-18
822,Nikkie,Pediatrics,440 Service Plaza,539-474-8719,4A83D31VQ40,2016-01-09
823,Loella,Cardiology,3095 Norway Maple Terrace,415-542-0947,1TC9KP2NA02,2020-10-16
824,Kassey,Cardiology,7 Prentice Place,280-342-3100,4XD9RR3TW09,2010-10-26
825,Jenilee,Dermatology,93762 Menomonie Junction,337-581-7480,9Y71PX0NE71,2014-03-16
826,Radcliffe,Neurology,4 Trailsway Hill,294-323-0581,4TQ5QY3WY91,2015-08-24
827,Janaya,Pediatrics,81709 Utah Hill,947-247-6279,3AD2P58HN46,2010-02-06
828,Clemmy,Cardiology,8169 Westridge Hill,434-149-4408,5W16DQ0KR21,2018-10-23
829,Peta,Oncology,6 Eagle Crest Hill,177-824-9820,3T70N80EM88,2012-04-04
830,Martie,Cardiology,7966 Northland Alley,679-873-7382,1YE9C53HN55,2017-07-22
831,Delmor,Oncology,8363 Colorado Center,896-690-4133,1W52Q78UF90,2020-08-06
832,Trista,Neurology,9 Sommers Park,383-954-6942,1T57WN8GV55,2014-05-03
833,Terrijo,Oncology,9 Hovde Alley,928-987-1744,4J19F63UF65,2021-10-29
834,Trever,Oncology,1160 Fairfield Hill,761-847-5494,5U86VQ3AD56,2018-10-30
835,Coletta,Pediatrics,64978 Pleasure Point,480-532-3711,8J66C28DM00,2012-05-02
836,Briant,Dermatology,944 Sutteridge Plaza,827-674-9310,3A65RC8AG38,2010-12-31
837,Nataniel,Cardiology,3 Waxwing Court,737-622-3713,5GP9HV6RM80,2020-12-13
838,Arlee,Pediatrics,44351 Hayes Place,127-502-3400,5T99EY3AA26,2014-05-15
839,Danice,Oncology,955 Carberry Pass,987-352-5267,5J12K60AA74,2011-06-24
840,Celina,Cardiology,0876 Larry Place,105-376-7222,6Q22PR4GD75,2011-04-27
841,Sarina,Dermatology,503 Old Gate Park,429-856-0473,1TA6G24HR65,2011-11-20
842,Erie,Neurology,0 Anniversary Place,342-981-1183,7XC2Q53YW09,2010-01-04
843,Niall,Orthopedics,1 Northland Parkway,461-159-6735,9YJ9TR8VA31,2016-12-17
844,Germaine,Neurology,3753 Dapin Point,530-446-3106,5KV4A85YR81,2021-11-14
845,Gaultiero,Pediatrics,296 Donald Circle,601-794-1396,8R81WT8KW85,2015-12-04
846,Arte,Cardiology,5 Hauk Center,253-216-0058,8FD5D27AM16,2015-07-14
847,Margaret,Oncology,51 Twin Pines Place,255-775-6619,3R76PJ8RW42,2020-06-11
848,Nobie,Oncology,94458 Sutherland Park,863-759-2759,9A45MH9WU77,2020-10-10
849,Homerus,Pediatrics,528 4th Court,767-357-4196,7MM8T26MM18,2015-06-07
850,Karalee,Pediatrics,0 Ludington Trail,421-451-0331,2H29KE5MM42,2020-03-04
851,Fianna,Cardiology,51554 Oakridge Plaza,256-458-3431,1JV9DQ2AH80,2020-12-09
852,Babb,Cardiology,86239 Old Gate Plaza,831-652-6616,1PN9N88FV58,2017-02-21
853,Minta,Dermatology,6049 Boyd Pass,638-831-8391,1XF1RP5UM26,2011-04-27
854,Harmon,Orthopedics,5 Homewood Avenue,915-795-3767,3PP5UA7RT68,2010-11-06
855,Silvanus,Oncology,95 Merrick Trail,857-325-3061,3VK9P90UQ24,2013-07-17
856,Daune,Dermatology,87 Schurz Park,637-643-0165,9NX5VM1JF07,2012-11-10
857,Karlotta,Cardiology,1 Westend Junction,266-884-7566,4YK9E61CR43,2019-06-12
858,Corty,Neurology,2 Bluejay Lane,173-753-0272,3QJ3VN2EX90,2021-12-06
859,Galen,Neurology,4 Morrow Plaza,797-841-1184,9V50T65XF59,2017-11-02
860,Yule,Oncology,2335 Vera Trail,976-858-5541,6FD7JH5KQ54,2011-08-02
861,Layne,Neurology,5095 Cardinal Street,651-437-3613,6A64XU8CA15,2014-08-04
862,Cinderella,Cardiology,0 Corscot Pass,693-436-9828,5NK1YR9KW79,2011-05-17
863,Willyt,Oncology,6047 Nevada Lane,949-514-8986,4Y67CJ9VX35,2013-05-14
864,Loria,Oncology,9026 Acker Junction,184-787-9288,8R35GE7EM71,2013-10-20
865,Sanders,Oncology,8405 Huxley Trail,202-701-2338,1KR9W10TJ56,2019-06-23
866,Abeu,Pediatrics,92234 Hoepker Center,109-633-7122,5FF1RM8NW20,2018-08-13
867,Dode,Oncology,614 Lien Parkway,791-539-3159,8GC5AF1MN48,2017-12-09
868,Bevon,Pediatrics,87 Bultman Way,976-227-2573,7TM6D93YH01,2013-07-15
869,Eleanora,Dermatology,8432 Hazelcrest Point,191-512-7504,2R55AG1YE41,2017-12-18
870,Meriel,Neurology,4127 Delladonna Terrace,145-529-7783,9V09KU3WV45,2021-07-06
871,Laurie,Pediatrics,0903 Carey Terrace,243-824-8054,8D25H30JW25,2015-01-22
872,Maryl,Cardiology,8 Talisman Trail,351-831-6243,9R41AR8AT19,2013-03-03
873,Nan,Pediatrics,81 Sunnyside Junction,952-591-1692,7QE4XW4NV48,2016-05-20
874,Sadella,Orthopedics,2749 Heffernan Terrace,979-866-6099,4DE1DA0AC78,2010-12-11
875,Agretha,Cardiology,528 Towne Road,864-944-1433,3VG7QV9KJ19,2010-06-01
876,Sutherlan,Dermatology,4874 Lake View Plaza,763-212-1209,1HW8FT5UC40,2019-08-05
877,Dunn,Oncology,84 Moose Avenue,424-649-5519,2CM5QJ8NM64,2019-07-04
878,Wang,Dermatology,09477 Utah Crossing,861-464-0654,6K22K98YM52,2016-07-13
879,Erie,Orthopedics,603 Hoard Trail,402-251-0589,1AK8F23AN65,2017-12-08
880,Any,Pediatrics,023 Canary Hill,331-378-2207,3XH2DP5GX05,2019-04-03
881,Gottfried,Dermatology,0 Orin Road,193-393-5763,3CN2FK6MV13,2020-03-10
882,Hynda,Orthopedics,526 Manley Way,735-549-3817,5QU9FT9QC59,2019-11-29
883,Kellby,Pediatrics,0 Onsgard Pass,801-344-3515,7EA9F03PH11,2014-09-21
884,Shir,Orthopedics,1 Knutson Point,796-954-4173,2QW5R43CR90,2015-08-12
885,Sheela,Orthopedics,33240 Holy Cross Pass,660-279-9846,4WG8J44JN57,2020-08-15
886,Timothea,Pediatrics,3 Corry Lane,725-782-8034,2C13M76QK83,2019-01-23
887,Aeriela,Oncology,686 Springview Road,417-619-4225,2RR2UM4VV86,2010-12-09
888,Elnore,Cardiology,925 Hagan Avenue,760-648-3892,9EA5W59AR26,2010-04-24
889,Tymothy,Oncology,7933 Aberg Park,881-448-6631,9KM5YK2AJ82,2010-05-28
890,Charline,Cardiology,1231 Cherokee Road,857-624-5269,3MH8V06GJ16,2021-07-03
891,Murdock,Neurology,257 Lien Lane,128-987-4821,7NE0WK3FE63,2021-12-06
892,Curr,Orthopedics,82 Shelley Way,239-239-4740,8D60ET0NH68,2013-11-13
893,Marney,Orthopedics,767 Warner Parkway,715-716-3711,4Q09HF8GX12,2016-06-14
894,Tiffy,Oncology,59 Eagle Crest Park,618-522-6848,9Q41DX1AX74,2013-05-26
895,Josephina,Dermatology,4972 Red Cloud Parkway,745-664-6416,3UJ9P52GH13,2016-10-24
896,Vanni,Oncology,14471 Farragut Crossing,179-114-6813,9NC9K64DF91,2014-01-05
897,Anders,Pediatrics,66520 Coleman Terrace,993-422-5978,3CG6R53PR05,2016-06-07
898,Nata,Dermatology,2519 Kinsman Trail,584-285-1509,6KY5D41VW08,2019-11-08
899,Karleen,Pediatrics,0763 Vidon Court,219-261-4681,7NN0RU4TW40,2016-12-07
900,Keeley,Neurology,318 Ludington Street,613-710-5287,5XH4VR5TK33,2017-10-22
901,Karol,Cardiology,7759 Holy Cross Trail,551-236-1034,9W38P12FG06,2019-08-10
902,Annabelle,Pediatrics,35235 Linden Plaza,732-524-7498,9RH8N48TN81,2013-08-16
903,Pierrette,Cardiology,7 Hanson Park,192-490-3455,4HN5QK2JU29,2021-10-21
904,Flossie,Dermatology,7153 Vera Plaza,285-499-6489,8FA4UX1KH63,2010-10-11
905,Almire,Dermatology,730 Rieder Alley,167-437-2986,1MT6QV5NF24,2016-11-18
906,Paule,Neurology,5 Tennessee Circle,212-831-0405,4AK3GH7PR12,2017-03-28
907,Helaine,Orthopedics,13 Reinke Parkway,651-218-5447,9Y08KW4AR14,2011-02-04
908,Rickey,Oncology,1214 Moland Trail,462-837-9687,6CD9QQ7RJ43,2014-01-17
909,Orv,Oncology,9 Pankratz Circle,568-269-4287,7HT4TN9WX36,2019-03-27
910,Freeland,Pediatrics,52900 Park Meadow Circle,941-791-3020,8FT2J10NA47,2017-01-14
911,Wayne,Pediatrics,774 Crest Line Trail,116-663-7472,6VN1HX7KX05,2017-04-15
912,Earvin,Cardiology,0322 Banding Court,611-594-1724,4X04G20DT49,2010-11-07
913,Drake,Cardiology,6050 Kedzie Alley,394-317-5068,3R18QH6VG59,2012-01-21
914,Corny,Neurology,864 Bashford Circle,705-114-6564,8HQ4TM5QH64,2016-08-16
915,Flor,Cardiology,99722 Rigney Trail,705-997-4137,7W41AH5TN78,2012-12-25
916,Dukie,Orthopedics,13120 Morningstar Pass,479-275-8493,2CU3MQ5ET06,2015-09-22
917,Jessalyn,Dermatology,84 Hallows Crossing,341-509-7256,7UV1PJ4TC63,2017-11-23
918,Bartholomeo,Orthopedics,2394 Waywood Lane,738-326-6833,1Q03CA9PR48,2012-11-02
919,Bea,Pediatrics,852 Transport Road,882-693-9953,4R63WE2YD00,2016-09-20
920,Minnaminnie,Oncology,43 Waubesa Plaza,516-201-9760,1KN0EF7XJ90,2018-10-05
921,Ollie,Dermatology,74905 Utah Junction,151-874-5842,6NG4VR9KJ52,2011-09-07
922,Eugene,Pediatrics,3 Arkansas Avenue,731-860-6411,1QJ1R23NA83,2013-07-05
923,Humfrid,Dermatology,67931 Shelley Lane,417-399-6518,4T87DH1YT70,2017-01-17
924,Ad,Orthopedics,71 Sutteridge Trail,570-972-5541,7W47CF1VH11,2014-10-02
925,Malissa,Oncology,3 Caliangt Road,406-577-1080,6GV9FQ9AH67,2020-11-13
926,Kippy,Orthopedics,4 David Trail,840-830-0325,8EH4D20MG86,2017-12-04
927,Christophe,Orthopedics,318 Sutherland Point,641-106-1058,7KR6DA5RX95,2010-04-13
928,Pincas,Dermatology,89 Knutson Parkway,676-187-2382,7JN7PR4DA24,2010-01-12
929,Marlo,Oncology,1149 Erie Drive,372-544-6529,3EM4GK5RF02,2017-01-15
930,Sigfried,Cardiology,29162 Glendale Pass,386-412-0795,8CP6FE9GE65,2012-12-07
931,Ase,Oncology,58932 Warner Trail,590-721-6371,7K26TM9WU28,2017-09-18
932,Alyosha,Neurology,04531 Russell Way,616-715-5353,6D09JG1KJ26,2014-06-13
933,Jervis,Cardiology,2 Annamark Crossing,370-967-4352,4RE2C54KA06,2011-06-20
934,Kamila,Neurology,38 Village Green Plaza,921-201-0906,7HV9G61TQ44,2013-07-18
935,Billy,Orthopedics,63136 Mccormick Street,809-306-2992,9FV8N87JN66,2013-05-27
936,Bab,Cardiology,692 Roxbury Junction,996-724-6407,5A66UN2WP53,2018-01-20
937,Lucille,Oncology,382 Rutledge Avenue,949-846-1589,6TF7F63QX88,2012-03-09
938,Inesita,Neurology,624 Morning Center,889-536-1426,6M35H51QW95,2013-08-14
939,May,Cardiology,8421 Logan Center,552-772-8625,9PE4HJ4EJ09,2016-06-22
940,Farah,Orthopedics,26527 Grim Trail,439-545-1998,3FQ0X01RP80,2013-05-17
941,Zenia,Orthopedics,818 Talisman Lane,689-397-4803,2MC1TD0MW96,2018-09-22
942,Darrel,Orthopedics,407 Cody Avenue,487-378-2495,4K22YG8RF78,2021-02-11
943,Agnella,Dermatology,4701 Del Sol Plaza,846-745-6169,6PK7PE8DM93,2010-05-17
944,Nanon,Pediatrics,3 Killdeer Lane,704-228-1596,6A79X46FK25,2018-02-15
945,Ermanno,Oncology,706 Leroy Avenue,444-581-8916,2EY0WC9CA64,2015-03-12
946,Sutherland,Cardiology,0652 Cordelia Park,931-339-1596,6X89HD7FU46,2012-08-14
947,Con,Oncology,495 Del Mar Trail,845-103-6192,4AK0WG1QY89,2014-09-20
948,Kirk,Neurology,82 High Crossing Trail,458-444-2309,4TD3ND4QR74,2021-04-21
949,Trude,Cardiology,8 Canary Center,395-995-9302,4EU2GV0PW65,2010-07-02
950,Cari,Dermatology,2299 Derek Point,952-410-1286,6MY5N50TG81,2013-06-25
951,Thatcher,Orthopedics,77463 Village Green Center,302-338-6034,3G27RJ1AJ20,2014-12-22
952,Harrison,Cardiology,0 Shelley Terrace,653-382-9016,8AA2JG0TP36,2019-11-16
953,Cazzie,Orthopedics,21 Muir Trail,910-404-8765,9M25X74PE07,2020-04-02
954,Babette,Dermatology,8169 Northland Court,194-843-9419,5QW9XC5CM10,2012-09-24
955,Fina,Neurology,58654 Talmadge Terrace,831-496-4837,9CN9K99HW48,2021-04-02
956,Armstrong,Oncology,00 Carioca Plaza,309-901-9779,5MK7KR4DQ28,2012-12-23
957,Luis,Cardiology,0 Sloan Road,304-549-2595,2U52G75RD79,2021-06-06
958,Jarrod,Neurology,7 Orin Center,124-313-3405,5UD1HD0EA53,2018-06-04
959,Leora,Dermatology,4680 Glacier Hill Park,588-985-2755,7N52YT5GH16,2020-06-25
960,Jonell,Orthopedics,0 Cordelia Court,706-746-6582,6D09U16XM45,2012-07-22
961,Torrey,Neurology,1 Bunker Hill Center,381-808-1410,2G66AQ1RG99,2012-01-20
962,Stanford,Pediatrics,327 Menomonie Junction,956-755-9916,9WK6T74YV14,2019-02-01
963,Ernie,Cardiology,3366 Texas Parkway,688-152-4333,6M67D69TE34,2012-05-08
964,Hedvige,Oncology,14 Lillian Point,551-246-0351,7NR5G13KA59,2017-10-13
965,Modestia,Oncology,559 Morningstar Parkway,819-497-3825,5W54J73FK32,2013-09-21
966,Carrissa,Pediatrics,60 Killdeer Center,635-666-0370,6C63YQ4CW47,2016-06-13
967,Deanne,Cardiology,1128 Welch Drive,514-546-8706,9TM2AT5YM27,2012-05-02
968,Aldus,Cardiology,7114 Twin Pines Junction,211-953-6343,5AJ9R82WW57,2019-05-24
969,Arne,Orthopedics,95407 Ryan Terrace,637-240-8533,2TD2N96AU01,2019-03-14
970,Maximilien,Orthopedics,416 Bunker Hill Pass,435-472-0714,3FK8A38WA32,2010-02-20
971,Ambrosi,Oncology,59165 Carey Plaza,992-845-4743,8WN5EQ8YA08,2015-03-08
972,Dalenna,Pediatrics,005 Raven Plaza,295-405-7604,1K71TV4MY95,2012-05-17
973,Tobias,Cardiology,9 Delaware Junction,545-548-0626,3HC0V41RM65,2019-12-10
974,Averyl,Oncology,2835 Truax Junction,160-366-5074,1CF3G21JC96,2014-01-14
975,Merl,Pediatrics,37 Continental Alley,886-929-3623,7T52WW3VR01,2010-12-13
976,Tomlin,Neurology,7 Sycamore Drive,566-806-3762,3HU5YC1WK00,2020-04-12
977,Elva,Oncology,8965 Meadow Valley Pass,435-383-6438,8VK5GJ8MJ67,2013-03-03
978,Rodd,Oncology,710 Tomscot Center,804-715-0299,4RV3YU0VP13,2019-11-09
979,Brent,Pediatrics,7 West Place,930-684-0732,3GD2AR5QN46,2012-04-14
980,Cicely,Cardiology,0599 Gale Circle,481-716-9340,1GY3JP7DM15,2012-04-09
981,Zechariah,Oncology,4 Hayes Place,522-515-7107,9R00RX9XF08,2011-04-22
982,Tillie,Pediatrics,1155 Knutson Place,111-865-8276,7XA3FR9CT99,2012-05-01
983,Lynnette,Pediatrics,9371 Colorado Point,209-517-1857,5E55RM0DM88,2017-09-01
984,Marcelle,Cardiology,04 Orin Avenue,573-409-8993,2MH1R75RK39,2010-05-11
985,Rivy,Dermatology,5 Badeau Junction,356-728-0894,1TQ2E95JV20,2015-07-17
986,Jervis,Cardiology,17562 Menomonie Avenue,535-533-2654,8PV0KF6VW74,2019-09-06
987,Shana,Orthopedics,8819 Stone Corner Street,626-228-7375,3A95QN6YD52,2011-03-05
988,Clemmy,Neurology,88 Sunbrook Road,638-787-8544,8G54CJ7QR01,2021-09-24
989,Dex,Pediatrics,2 Fairview Road,647-283-3654,7WJ2ND0NM50,2012-02-15
990,Rickert,Dermatology,99937 Oakridge Crossing,248-146-7293,6KC8J41YX80,2020-06-26
991,Kingston,Cardiology,72 Corben Terrace,936-521-9558,7QD7DK5AF82,2012-06-21
992,Putnam,Cardiology,8278 Heffernan Road,305-248-1575,8VQ6NR0CY05,2015-05-19
993,Elnar,Pediatrics,02338 Lindbergh Junction,422-720-6680,2A67Q79YR29,2016-07-11
994,Bennie,Pediatrics,52 Montana Junction,269-925-1539,5T61U11YG54,2018-05-05
995,Andreana,Neurology,8887 Cottonwood Circle,772-200-3207,9AR0GG2PR20,2019-01-15
996,Emiline,Oncology,01182 Schiller Trail,297-463-7446,8KA6PF0GQ28,2015-07-17
997,Jessee,Pediatrics,79144 Grasskamp Way,945-646-4186,2WD5A91TP47,2010-02-09
998,Johannes,Dermatology,4429 Mendota Court,693-186-6812,3UN7EN8GN76,2019-03-21
999,Ursola,Orthopedics,1930 Alpine Avenue,663-275-4546,7U40W18QF83,2013-08-21
1000,Leeann,Pediatrics,0 Farwell Hill,986-896-2826,8T05N08MM46,2015-11-18
